Collector ID,ID,Site,Tree #,Cone,Cone Length (mm),# Seeds,Total Seed Weight (g) (Wing & Wingless),# Wingless Seed,Total Wingless Seed Weight (g),# Winged Seed,Total Winged Seed Weight (g),# sml immature Seed,Comments,Photo?
A,P1A,Pukaki,1,A,40,,,,,,,,"Old cone, seed all gone",
A,P1B,Pukaki,1,B,41,115,0.4734,46,0.181,69,0.2721,,,
A,P1C,Pukaki,1,C,41,,,,,,,,"Old cone, seed all gone",
A,P1D,Pukaki,1,D,40,97,0.5428,13,0.0678,84,0.4675,,,
A,P1E,Pukaki,1,E,40,83,0.4697,,,,,4,,
A,P2A,Pukaki,2,A,37,64,0.3238,,,,,,,
A,P2B,Pukaki,2,B,40,,,,,,,,"Old cone, seed all gone",
A,P2C,Pukaki,2,C,41,,,,,,,,"Old cone, seed all gone",
A,P2D,Pukaki,2,D,48,,,,,,,,"Old cone, seed all gone",
A,P2E,Pukaki,2,E,44,,,,,,,,"Old cone, seed all gone",
A,P3A,Pukaki,3,A,46,93,0.4065,,,,,,,
A,P3B,Pukaki,3,B,40,68,0.3205,,,,,3,,
A,P3C,Pukaki,3,C,43,83,0.3613,,,,,,,
A,P3D,Pukaki,3,D,35,,,,,,,,"Old cone, seed all gone",
A,P3E,Pukaki,3,E,50,,,,,,,,"Old cone, seed all gone",
A,P4A,Pukaki,4,A,52,130,0.693,,,,,,,y
A,P4B,Pukaki,4,B,43,97,0.401,,,,,,,y
A,P4C,Pukaki,4,C,44,,,,,,,,"Old cone, seed all gone",y
A,P4D,Pukaki,4,D,35,,,,,,,,"Old cone, seed all gone",y
A,P4E,Pukaki,4,E,43,,,,,,,,"Old cone, seed all gone",y
B,P5A,Pukaki,5,A,42,74,0.2938,,,,,,,
B,P5B,Pukaki,5,B,40,64,0.2578,,,,,4,,
B,P5C,Pukaki,5,C,44,69,0.3328,,,,,3,,
B,P5D,Pukaki,5,D,40,60,0.21,,,,,6,,
B,P5E,Pukaki,5,E,42,72,0.2827,,,,,4,,
B,P6A,Pukaki,6,A,49,112,0.5863,,,,,,,
B,P6B,Pukaki,6,B,53,117,0.6633,,,,,2,,
B,P6C,Pukaki,6,C,43,88,0.5734,,,,,2,,
B,P6D,Pukaki,6,D,47,123,0.722,,,,,3,,
B,P6E,Pukaki,6,E,45,80,0.601,,,,,,,
B,P7A,Pukaki,7,A,40,91,0.4055,,,,,,,
B,P7B,Pukaki,7,B,36,72,0.3395,,,,,7,,
B,P7C,Pukaki,7,C,39,86,0.3832,,,,,3,,
B,P7D,Pukaki,7,D,36,77,0.3258,,,,,5,,
B,P7E,Pukaki,7,E,38,81,0.3526,,,,,4,,
B,P8A,Pukaki,8,A,56,80,0.5273,,,,,,,
B,P8B,Pukaki,8,B,53,80,0.5308,,,,,5,,
B,P8C,Pukaki,8,C,57,78,0.5027,,,,,12,,
B,P8D,Pukaki,8,D,60,91,0.5785,,,,,9,,
B,P8E,Pukaki,8,E,51,69,0.5241,,,,,7,,
C,P9A,Pukaki,9,A,52,121,0.6129,,,,,,,y
C,P9B,Pukaki,9,B,53,111,0.6031,,,,,,,y
C,P9C,Pukaki,9,C,53,133,0.7457,,,,,,,y
C,P9D,Pukaki,9,D,53,133,0.6895,,,,,4,,y
C,P9E,Pukaki,9,E,53,121,0.6393,,,,,2,,y
C,P10A,Pukaki,10,A,48,76,0.3635,,,,,,,
C,P10B,Pukaki,10,B,44,55,0.2781,,,,,21,,
C,P10C,Pukaki,10,C,44,62,0.2217,,,,,,,
C,P10D,Pukaki,10,D,37,63,0.185,,,,,11,,
C,P10E,Pukaki,10,E,32,31,0.1178,,,,,13,,
C,P11A,Pukaki,11,A,60,84,0.4914,,,,,,,
C,P11B,Pukaki,11,B,60,82,0.5131,,,,,15,,
C,P11C,Pukaki,11,C,55,65,0.3584,,,,,20,,
C,P11D,Pukaki,11,D,51,76,0.4342,,,,,10,,
C,P11E,Pukaki,11,E,46,45,0.2484,,,,,19,,
C,P12A,Pukaki,12,A,50,97,0.4063,,,,,,,
C,P12B,Pukaki,12,B,48,106,0.482,,,,,4,,
C,P12C,Pukaki,12,C,51,105,0.4476,,,,,3,,
C,P12D,Pukaki,12,D,50,102,0.4181,,,,,4,,
C,P12E,Pukaki,12,E,44,73,0.2991,,,,,,,
D,P13A,Pukaki,13,A,49,,,,,,,,"Old cone, seed all gone",
D,P13B,Pukaki,13,B,45,1,0.0066,,,,,,"Old cone, seed all gone",
D,P13C,Pukaki,13,C,49,,,,,,,,"Old cone, seed all gone",
D,P13D,Pukaki,13,D,46,,,,,,,,"Old cone, seed all gone",
D,P13E,Pukaki,13,E,42,,,,,,,,"Old cone, seed all gone",
D,P14A,Pukaki,14,A,52,129,0.7036,,,,,,,
D,P14B,Pukaki,14,B,51,146,0.723,,,,,6,,
D,P14C,Pukaki,14,C,48,,,,,,,,,
D,P14D,Pukaki,14,D,44,74,0.4022,,,,,,,
D,P14E,Pukaki,14,E,52,115,0.6895,,,,,1,,
D,P15A,Pukaki,15,A,54,146,0.714,,,,,,,
D,P15B,Pukaki,15,B,52,143,0.7388,,,,,3,,
D,P15C,Pukaki,15,C,50,114,0.6395,,,,,2,,
D,P15D,Pukaki,15,D,46,99,0.5063,,,,,1,,
D,P15E,Pukaki,15,E,54,133,0.7475,,,,,2,,
D,P16A,Pukaki,16,A,61,,,,,,,,"Old cone, seed all gone",
D,P16B,Pukaki,16,B,57,,,,,,,,"Old cone, seed all gone",
D,P16C,Pukaki,16,C,53,,,,,,,,"Old cone, seed all gone",
D,P16D,Pukaki,16,D,50,,,,,,,,"Old cone, seed all gone",
D,P16E,Pukaki,16,E,48,,,,,,,,"Old cone, seed all gone",
E,P17A,Pukaki,17,A,35,,,,,,,,,y
E,P17B,Pukaki,17,B,34,,,,,,,,,y
E,P17C,Pukaki,17,C,32,,,,,,,,,y
E,P17D,Pukaki,17,D,34,,,,,,,,,y
E,P17E,Pukaki,17,E,34,,,,,,,,,y
E,P18A,Pukaki,18,A,41,,,,,,,,,y
E,P18B,Pukaki,18,B,45,106,0.532,,,,,1,,y
E,P18C,Pukaki,18,C,35,,,,,,,,,y
E,P18D,Pukaki,18,D,43,,,,,,,,,y
E,P18E,Pukaki,18,E,40,,,,,,,,,y
E,P19A,Pukaki,19,A,54,,,,,,,,,
E,P19B,Pukaki,19,B,40,80,0.4341,,,,,,,
E,P19C,Pukaki,19,C,37,,,,,,,,,
E,P19D,Pukaki,19,D,44,96,0.439,,,,,2,,
E,P19E,Pukaki,19,E,45,92,0.5137,,,,,,,
E,P20A,Pukaki,20,A,49,,,,,,,,,
E,P20B,Pukaki,20,B,36,,,,,,,,,
E,P20C,Pukaki,20,C,46,,,,,,,,,
E,P20D,Pukaki,20,D,40,,,,,,,,,
E,P20E,Pukaki,20,E,44,,,,,,,,,
F,P21A,Pukaki,21,A,42,,,,,,,,,
F,P21B,Pukaki,21,B,41,40,0.2032,,,,,19,,
F,P21C,Pukaki,21,C,40,35,0.2189,,,,,30,,
F,P21D,Pukaki,21,D,44,37,0.2153,,,,,,,
F,P21E,Pukaki,21,E,39,,,,,,,,,
F,P22A,Pukaki,22,A,41,,,,,,,,,
F,P22B,Pukaki,22,B,37,,,,,,,,,
F,P22C,Pukaki,22,C,39,,,,,,,,,
F,P22D,Pukaki,22,D,35,,,,,,,,,
F,P22E,Pukaki,22,E,39,18,0.0872,,,,,22,dropped cone - lost seeds | P22C on the bag,
F,P23A,Pukaki,23,A,40,,,,,,,,,
F,P23B,Pukaki,23,B,43,,,,,,,,,
F,P23C,Pukaki,23,C,36,,,,,,,,,
F,P23D,Pukaki,23,D,45,,,,,,,,,
F,P23E,Pukaki,23,E,43,,,,,,,,,
F,P24A,Pukaki,24,A,45,36,0.1919,,,,,,P23F on the bag ,
F,P24B,Pukaki,24,B,42,46,0.2264,,,,,27,,
F,P24C,Pukaki,24,C,44,43,0.221,,,,,30,,
F,P24D,Pukaki,24,D,39,,,,,,,,,
F,P24E,Pukaki,24,E,41,37,0.2032,,,,,,dropped cone - may have lost seeds,
A,MD1A,Mid-Dome,1,A,52,140,0.6864,,,,,4,,y
A,MD1B,Mid-Dome,1,B,41,111,0.4649,,,,,5,,
A,MD1C,Mid-Dome,1,C,49,134,0.6757,,,,,5,,
A,MD1D,Mid-Dome,1,D,52,124,0.6579,,,,,9,,
A,MD1E,Mid-Dome,1,E,48,127,0.5369,,,,,15,,
A,MD2A,Mid-Dome,2,A,53,,,,,,,,cone didn't open,
A,MD2B,Mid-Dome,2,B,47,,,,,,,,cone didn't open,
A,MD2C,Mid-Dome,2,C,65,,,,,,,,cone didn't open,
A,MD2D,Mid-Dome,2,D,56,93,0.4235,,,,,,only partially open but mature seed under closed scales,
A,MD2E,Mid-Dome,2,E,55,,,,,,,,cone didn't open,
A,MD3A,Mid-Dome,3,A,49,104,0.511,,,,,7,,
A,MD3B,Mid-Dome,3,B,41,48,0.2683,,,,,25,,
A,MD3C,Mid-Dome,3,C,40,51,0.2595,,,,,5,,
A,MD3D,Mid-Dome,3,D,52,124,0.6683,,,,,9,,
A,MD3E,Mid-Dome,3,E,46,130,0.4171,,,,,2,,
A,MD4A,Mid-Dome,4,A,40,8,0.0268,1,,7,,,"Cone prised open to reveal mature seed, many immature seed",y
A,MD4B,Mid-Dome,4,B,49,75,0.2953,,,,,14,,
A,MD4C,Mid-Dome,4,C,42,19,0.0608,,,,,,Cone prised open to reveal mature seed and lots immature seed,
A,MD4D,Mid-Dome,4,D,41,10,0.0307,,,,,,Cone prised open to reveal mature seed and lots immature seed,
A,MD4E,Mid-Dome,4,E,39,62,0.2145,,,,,,Cone prised open to reveal mature seed and lots immature seed,
B,MD5A,Mid-Dome,5,A,34,73,0.1563,,,,,22,,
B,MD5B,Mid-Dome,5,B,39,105,0.3399,,,,,29,,
B,MD5C,Mid-Dome,5,C,42,110,0.3232,,,,,32,,
B,MD5D,Mid-Dome,5,D,40,106,0.4078,,,,,21,,
B,MD5E,Mid-Dome,5,E,41,135,0.3483,,,,,24,,
B,MD6A,Mid-Dome,6,A,45,,,,,,,,cone didn't open,y
B,MD6B,Mid-Dome,6,B,50,,,,,,,,cone didn't open,y
B,MD6C,Mid-Dome,6,C,50,,,,,,,,cone didn't open,y
B,MD6D,Mid-Dome,6,D,56,,,,,,,,cone didn't open,y
B,MD6E,Mid-Dome,6,E,48,81,0.4296,,,,,24,,y
B,MD7A,Mid-Dome,7,A,54,88,0.4574,,,,,10,,
B,MD7B,Mid-Dome,7,B,50,58,0.2568,,,,,49,,
B,MD7C,Mid-Dome,7,C,22,92,0.4866,,,,,14,,
B,MD7D,Mid-Dome,7,D,44,59,0.2455,,,,,14,,
B,MD7E,Mid-Dome,7,E,44,69,0.2878,,,,,11,,
B,MD8A,Mid-Dome,8,A,,,,,,,,,Not selected,
B,MD8B,Mid-Dome,8,B,,,,,,,,,Not selected,
B,MD8C,Mid-Dome,8,C,,,,,,,,,Not selected,
B,MD8D,Mid-Dome,8,D,,,,,,,,,Not selected,
B,MD8E,Mid-Dome,8,E,,,,,,,,,Not selected,
C,MD9A,Mid-Dome,9,A,47,104,0.5126,,,,,12,,
C,MD9B,Mid-Dome,9,B,43,91,0.3808,,,,,10,,
C,MD9C,Mid-Dome,9,C,46,90,0.4002,,,,,15,,
C,MD9D,Mid-Dome,9,D,50,81,0.5954,,,,,3,,
C,MD9E,Mid-Dome,9,E,43,96,0.4215,,,,,3,,
C,MD10A,Mid-Dome,10,A,45,40,0.2202,,,,,58,,
C,MD10B,Mid-Dome,10,B,50,47,0.2425,,,,,58,,
C,MD10C,Mid-Dome,10,C,46,,,,,,,,cone didn't open,
C,MD10D,Mid-Dome,10,D,34,3,0.0175,,,,,,"Immature cone, didn't fully open, prised open and lots of immature seed",
C,MD10E,Mid-Dome,10,E,45,9,0.0428,,,,,,"Immature cone, didn't fully open, prised open and lots of immature seed",
C,MD11A,Mid-Dome,11,A,51,8,0.0426,,,,,,"Immature cone, only partially open, prised open and lots of immature seed",
C,MD11B,Mid-Dome,11,B,58,42,0.2392,,,,,,>54 immature seed,
C,MD11C,Mid-Dome,11,C,53,23,0.1203,,,,,,"Immature cone, only partially open, prised open and >30 immature seed",
C,MD11D,Mid-Dome,11,D,61,58,0.269,,,,,55,"didn't fully open, prised open",
C,MD11E,Mid-Dome,11,E,52,32,0.2001,,,,,,"didn't fully open, prised open to reveal mature seed and >45 immature seed",
C,MD12A,Mid-Dome,12,A,,,,,,,,,Not selected,
C,MD12B,Mid-Dome,12,B,,,,,,,,,Not selected,
C,MD12C,Mid-Dome,12,C,,,,,,,,,Not selected,
C,MD12D,Mid-Dome,12,D,,,,,,,,,Not selected,
C,MD12E,Mid-Dome,12,E,,,,,,,,,Not selected,
D,MD13A,Mid-Dome,13,A,57,82,0.3816,,,,,15,,y
D,MD13B,Mid-Dome,13,B,54,68,0.3788,,,,,15,,y
D,MD13C,Mid-Dome,13,C,48,41,0.163,,,,,24,,y
D,MD13D,Mid-Dome,13,D,49,64,0.3121,,,,,4,,y
D,MD13E,Mid-Dome,13,E,54,51,0.2765,,,,,4,,y
D,MD14A,Mid-Dome,14,A,,,,,,,,,Not selected,
D,MD14B,Mid-Dome,14,B,,,,,,,,,Not selected,
D,MD14C,Mid-Dome,14,C,,,,,,,,,Not selected,
D,MD14D,Mid-Dome,14,D,,,,,,,,,Not selected,
D,MD14E,Mid-Dome,14,E,,,,,,,,,Not selected,
D,MD15A,Mid-Dome,15,A,50,98,0.5579,,,,,24,,
D,MD15B,Mid-Dome,15,B,48,79,0.3445,,,,,25,,
D,MD15C,Mid-Dome,15,C,52,78,0.4505,,,,,16,,
D,MD15D,Mid-Dome,15,D,58,88,0.5567,,,,,15,,
D,MD15E,Mid-Dome,15,E,50,84,0.4458,,,,,22,,
D,MD16A,Mid-Dome,16,A,49,102,0.4389,,,,,4,,y
D,MD16B,Mid-Dome,16,B,61,123,0.6253,,,,,3,,y
D,MD16C,Mid-Dome,16,C,54,108,0.5625,,,,,2,,y
D,MD16D,Mid-Dome,16,D,47,75,0.3253,,,,,5,,y
D,MD16E,Mid-Dome,16,E,46,82,0.3323,,,,,5,,y
E,MD17A,Mid-Dome,17,A,,,,,,,,,Not selected,
E,MD17B,Mid-Dome,17,B,,,,,,,,,Not selected,
E,MD17C,Mid-Dome,17,C,,,,,,,,,Not selected,
E,MD17D,Mid-Dome,17,D,,,,,,,,,Not selected,
E,MD17E,Mid-Dome,17,E,,,,,,,,,Not selected,
E,MD18A,Mid-Dome,18,A,,,,,,,,,Not selected,
E,MD18B,Mid-Dome,18,B,,,,,,,,,Not selected,
E,MD18C,Mid-Dome,18,C,,,,,,,,,Not selected,
E,MD18D,Mid-Dome,18,D,,,,,,,,,Not selected,
E,MD18E,Mid-Dome,18,E,,,,,,,,,Not selected,
F,MD19A,Mid-Dome,19,A,53,57,0.5563,,,,,28,,
F,MD19B,Mid-Dome,19,B,48,96,0.3978,,,,,14,,
F,MD19C,Mid-Dome,19,C,49,85,0.532,,,,,29,,
F,MD19D,Mid-Dome,19,D,48,89,0.4652,,,,,24,,
F,MD19E,Mid-Dome,19,E,53,106,0.5145,,,,,41,,
F,MD20A,Mid-Dome,20,A,52,100,0.4312,,,,,12,,y
F,MD20B,Mid-Dome,20,B,52,87,0.4407,,,,,10,,y
F,MD20C,Mid-Dome,20,C,44,79,0.281,,,,,8,,y
F,MD20D,Mid-Dome,20,D,46,82,0.3462,,,,,16,,y
F,MD20E,Mid-Dome,20,E,42,80,0.286,,,,,16,,y
F,MD21A,Mid-Dome,21,A,38,82,0.3546,,,,,6,,
F,MD21B,Mid-Dome,21,B,38,85,0.3653,,,,,8,,
F,MD21C,Mid-Dome,21,C,43,89,0.4006,,,,,6,,
F,MD21D,Mid-Dome,21,D,41,86,0.3796,,,,,15,,
F,MD21E,Mid-Dome,21,E,36,78,0.2886,,,,,9,,
F,MD22A,Mid-Dome,22,A,,,,,,,,,Not selected,
F,MD22B,Mid-Dome,22,B,,,,,,,,,Not selected,
F,MD22C,Mid-Dome,22,C,,,,,,,,,Not selected,
F,MD22D,Mid-Dome,22,D,,,,,,,,,Not selected,
F,MD22E,Mid-Dome,22,E,,,,,,,,,Not selected,
F,MD23A,Mid-Dome,23,A,57,115,0.5046,,,,,11,,
F,MD23B,Mid-Dome,23,B,48,97,0.3503,,,,,9,,
F,MD23C,Mid-Dome,23,C,45,98,0.4305,,,,,8,,
F,MD23D,Mid-Dome,23,D,56,113,0.554,,,,,7,,
F,MD23E,Mid-Dome,23,E,43,76,0.3249,,,,,8,,
F,MD24A,Mid-Dome,24,A,37,68,0.2011,,,,,4,,
F,MD24B,Mid-Dome,24,B,36,69,0.2033,,,,,7,,
F,MD24C,Mid-Dome,24,C,39,56,0.1749,,,,,5,,
F,MD24D,Mid-Dome,24,D,38,74,0.2082,,,,,8,,
F,MD24E,Mid-Dome,24,E,40,84,0.2181,,,,,6,,
A,FH1A,Flockhill,1,A,46,83,0.3972,,,,,11,,
A,FH1B,Flockhill,1,B,47,75,0.4038,,,,,6,,
A,FH1C,Flockhill,1,C,40,79,0.3563,,,,,13,,
A,FH1D,Flockhill,1,D,51,92,0.427,,,,,47,,
A,FH1E,Flockhill,1,E,46,67,0.369,,,,,21,,
A,FH2A,Flockhill,2,A,36,28,0.0986,,,,,32,,
A,FH2B,Flockhill,2,B,45,69,0.4484,,,,,26,,
A,FH2C,Flockhill,2,C,41,37,0.214,,,,,51,,y
A,FH2D,Flockhill,2,D,38,27,0.1083,,,,,51,,y
A,FH2E,Flockhill,2,E,41,38,0.1606,,,,,32,,
A,FH3A,Flockhill,3,A,44,56,0.2119,,,,,28,,
A,FH3B,Flockhill,3,B,40,59,0.2281,,,,,36,,
A,FH3C,Flockhill,3,C,46,56,0.3084,,,,,41,,
A,FH3D,Flockhill,3,D,36,20,0.0912,,,,,58,,
A,FH3E,Flockhill,3,E,40,45,0.1726,,,,,49,,
A,FH4A,Flockhill,4,A,55,43,0.4629,,,,,51,,
A,FH4B,Flockhill,4,B,52,55,0.2562,,,,,50,,
A,FH4C,Flockhill,4,C,58,48,0.2672,,,,,59,,
A,FH4D,Flockhill,4,D,54,57,0.2509,,,,,47,,
A,FH4E,Flockhill,4,E,49,59,0.2566,,,,,46,,
B,FH5A,Flockhill,5,A,38,69,0.2718,,,,,16,,
B,FH5B,Flockhill,5,B,39,72,0.3552,,,,,17,,
B,FH5C,Flockhill,5,C,51,16,0.0916,,,,,70,55 immature seed are half mature,y
B,FH5D,Flockhill,5,D,44,77,0.3965,,,,,15,,
B,FH5E,Flockhill,5,E,50,45,0.2916,,,,,74,,
B,FH6A,Flockhill,6,A,33,13,0.0677,,,,,54,,
B,FH6B,Flockhill,6,B,35,16,0.0808,,,,,58,,
B,FH6C,Flockhill,6,C,35,17,0.0827,,,,,76,,
B,FH6D,Flockhill,6,D,35,14,0.0652,,,,,68,,
B,FH6E,Flockhill,6,E,30,6,0.0326,,,,,35,,
B,FH7A,Flockhill,7,A,,,,,,,,,Not selected,
B,FH7B,Flockhill,7,B,,,,,,,,,Not selected,
B,FH7C,Flockhill,7,C,,,,,,,,,Not selected,
B,FH7D,Flockhill,7,D,,,,,,,,,Not selected,
B,FH7E,Flockhill,7,E,,,,,,,,,Not selected,
B,FH8A,Flockhill,8,A,,,,,,,,,Not selected,
B,FH8B,Flockhill,8,B,,,,,,,,,Not selected,
B,FH8C,Flockhill,8,C,,,,,,,,,Not selected,
B,FH8D,Flockhill,8,D,,,,,,,,,Not selected,
B,FH8E,Flockhill,8,E,,,,,,,,,Not selected,
C,FH9A,Flockhill,9,A,38,16,0.0968,,,,,64,,
C,FH9B,Flockhill,9,B,31,5,0.0277,,,,,54,,
C,FH9C,Flockhill,9,C,40,14,0.0973,,,,,78,,
C,FH9D,Flockhill,9,D,35,12,0.0636,,,,,49,,
C,FH9E,Flockhill,9,E,36,11,0.0667,,,,,69,,
C,FH10A,Flockhill,10,A,,,,,,,,,Not selected,
C,FH10B,Flockhill,10,B,,,,,,,,,Not selected,
C,FH10C,Flockhill,10,C,,,,,,,,,Not selected,
C,FH10D,Flockhill,10,D,,,,,,,,,Not selected,
C,FH10E,Flockhill,10,E,,,,,,,,,Not selected,
C,FH11A,Flockhill,11,A,42,48,0.1675,,,,,30,,
C,FH11B,Flockhill,11,B,45,40,0.1543,,,,,34,,
C,FH11C,Flockhill,11,C,38,34,0.1117,,,,,31,,
C,FH11D,Flockhill,11,D,44,44,0.1816,,,,,46,,
C,FH11E,Flockhill,11,E,45,50,0.1791,,,,,33,,
C,FH12A,Flockhill,12,A,40,36,0.1639,,,,,16,,
C,FH12B,Flockhill,12,B,46,69,0.3915,,,,,10,,
C,FH12C,Flockhill,12,C,48,74,0.4004,,,,,19,,
C,FH12D,Flockhill,12,D,41,43,0.2242,,,,,22,,
C,FH12E,Flockhill,12,E,42,57,0.294,,,,,24,,
D,FH13A,Flockhill,13,A,,,,,,,,,Not selected,
D,FH13B,Flockhill,13,B,,,,,,,,,Not selected,
D,FH13C,Flockhill,13,C,,,,,,,,,Not selected,
D,FH13D,Flockhill,13,D,,,,,,,,,Not selected,
D,FH13E,Flockhill,13,E,,,,,,,,,Not selected,
D,CH1A,Castle Hill,1,A,53,37,0.178,,,,,66,,
D,CH1B,Castle Hill,1,B,49,33,0.192,,,,,39,,
D,CH1C,Castle Hill,1,C,43,32,0.1224,,,,,39,,
D,CH1D,Castle Hill,1,D,48,25,0.1126,,,,,43,,
D,CH1E,Castle Hill,1,E,40,11,0.038,,,,,22,,
D,CH2A,Castle Hill,2,A,43,21,0.0812,,,,,88,,
D,CH2B,Castle Hill,2,B,40,16,0.056,,,,,75,,
D,CH2C,Castle Hill,2,C,42,13,0.0574,,,,,106,,y
D,CH2D,Castle Hill,2,D,43,33,0.1494,,,,,51,,
D,CH2E,Castle Hill,2,E,44,22,0.0835,,,,,83,,
D,CH3A,Castle Hill,3,A,42,8,0.0316,,,,,,"lots of tiny immature seed, mostly just wings - not counted",y
D,CH3B,Castle Hill,3,B,42,5,0.0219,,,,,,"lots of tiny immature seed, mostly just wings - not counted",
D,CH3C,Castle Hill,3,C,36,12,0.0492,,,,,,"many tiny immature seed, mostly just wings - not counted",
D,CH3D,Castle Hill,3,D,40,3,0.0071,,,,,,"many tiny immature seed, mostly just wings - not counted",
D,CH3E,Castle Hill,3,E,38,5,0.0223,,,,,,"many tiny immature seed, mostly just wings - not counted",
E,CH4A,Castle Hill,4,A,35,6,0.0174,,,,,,"many tiny immature seed, mostly just wings - not counted",
E,CH4B,Castle Hill,4,B,39,6,0.0241,,,,,,"many tiny immature seed, mostly just wings - not counted",
E,CH4C,Castle Hill,4,C,42,3,0.019,,,,,,"many tiny immature seed, mostly just wings - not counted",
E,CH4D,Castle Hill,4,D,40,4,0.0166,,,,,,"many tiny immature seed, mostly just wings - not counted",
E,CH4E,Castle Hill,4,E,43,4,0.0265,,,,,,"many tiny immature seed, mostly just wings - not counted",y
E,CH5A,Castle Hill,5,A,39,14,0.0619,,,,,,"many tiny immature seed, mostly just wings - not counted",
E,CH5B,Castle Hill,5,B,35,11,0.0568,,,,,,"many tiny immature seed, mostly just wings - not counted",
E,CH5C,Castle Hill,5,C,39,13,0.063,,,,,,"many tiny immature seed, mostly just wings - not counted",
E,CH5D,Castle Hill,5,D,36,15,0.0744,,,,,,"many tiny immature seed, mostly just wings - not counted",
E,CH5E,Castle Hill,5,E,41,34,0.1792,,,,,24,,y
E,CH6A,Castle Hill,6,A,42,14,0.076,,,,,32,,y
E,CH6B,Castle Hill,6,B,41,53,0.2017,,,,,24,,
E,CH6C,Castle Hill,6,C,41,23,0.1211,,,,,32,,
E,CH6D,Castle Hill,6,D,42,17,0.0857,,,,,24,,
E,CH6E,Castle Hill,6,E,43,13,0.0674,,,,,57,,
E,CH7A,Castle Hill,7,A,44,8,0.0645,,,,,112,,
E,CH7B,Castle Hill,7,B,41,1,0.0097,,,,,124,,y
E,CH7C,Castle Hill,7,C,42,3,0.0168,,,,,101,,
E,CH7D,Castle Hill,7,D,46,7,0.0583,,,,,125,,
E,CH7E,Castle Hill,7,E,41,4,0.031,,,,,94,,
F,CH8A,Castle Hill,8,A,39,6,0.0363,,,,,,"lots of tiny immature seed, mostly just wings - not counted",y
F,CH8B,Castle Hill,8,B,40,7,0.036,,,,,,"lots of tiny immature seed, mostly just wings - not counted",
F,CH8C,Castle Hill,8,C,43,8,0.0371,,,,,,"lots of tiny immature seed, mostly just wings - not counted",y
F,CH8D,Castle Hill,8,D,39,9,0.047,,,,,,"lots of tiny immature seed, mostly just wings - not counted",
F,CH8E,Castle Hill,8,E,43,12,0.0653,,,,,,"lots of tiny immature seed, mostly just wings - not counted",
A,K1A,Kawekas,1,A,43,0,0,,,,,,,
A,K1B,Kawekas,1,B,48,101,0.5097,,,,,3,Immature seed tiny plus a few wings only,
A,K1C,Kawekas,1,C,42,0,0,,,,,,,y
A,K1D,Kawekas,1,D,40,16,0.0318,14,0.025,2,0.0063,,small seeds with missing wings,y
A,K1E,Kawekas,1,E,32,11,0.026,,,,,3,small seeds with 2 missing wings - rotten cone?,y
A,K2A,Kawekas,2,A,46,102,0.6039,,,,,9,Immature seed tiny plus a few wings only,
A,K2B,Kawekas,2,B,42,1,,,,,,,1 seed with half a wing - not weighed,
A,K2C,Kawekas,2,C,47,91,0.491,,,,,5,Immature seed tiny plus a few wings only,
A,K2D,Kawekas,2,D,42,104,0.6118,,,,,4,Immature seed tiny plus a few wings only,
A,K2E,Kawekas,2,E,41,84,0.3742,,,,,4,Immature seed tiny plus a few wings only,
A,K3A,Kawekas,3,A,,,,,,,,,Not selected,
A,K3B,Kawekas,3,B,,,,,,,,,Not selected,
A,K3C,Kawekas,3,C,,,,,,,,,Not selected,
A,K3D,Kawekas,3,D,,,,,,,,,Not selected,
A,K3E,Kawekas,3,E,,,,,,,,,Not selected,
A,K4A,Kawekas,4,A,,,,,,,,,Not selected,
A,K4B,Kawekas,4,B,,,,,,,,,Not selected,
A,K4C,Kawekas,4,C,,,,,,,,,Not selected,
A,K4D,Kawekas,4,D,,,,,,,,,Not selected,
A,K4E,Kawekas,4,E,,,,,,,,,Not selected,
B,K5A,Kawekas,5,A,39,62,0.1869,,,,,2,"Only partially open, prised open to get small seed",y
B,K5B,Kawekas,5,B,38,70,0.2155,,,,,3,"Only partially open, prised open to get small seed",y
B,K5C,Kawekas,5,C,44,85,0.3304,,,,,2,"Only partially open, prised open to get small seed - very mouldy cone",y
B,K5D,Kawekas,5,D,37,3,0.0102,2,,1,,,2 seed don’t have wings,
B,K5E,Kawekas,5,E,39,19,0.0499,,,,,,wings stuck to scales - prised off,
B,K6A,Kawekas,6,A,41,0,0,,,,,,,
B,K6B,Kawekas,6,B,51,0,0,,,,,,,
B,K6C,Kawekas,6,C,51,93,0.3125,,,,,2,,
B,K6D,Kawekas,6,D,43,115,0.4481,,,,,5,lots of small wings only,
B,K6E,Kawekas,6,E,45,109,0.5003,,,,,4,,
B,K7A,Kawekas,7,A,,,,,,,,,Not selected,
B,K7B,Kawekas,7,B,,,,,,,,,Not selected,
B,K7C,Kawekas,7,C,,,,,,,,,Not selected,
B,K7D,Kawekas,7,D,,,,,,,,,Not selected,
B,K7E,Kawekas,7,E,,,,,,,,,Not selected,
B,K8A,Kawekas,8,A,40,0,0,,,,,,,
B,K8B,Kawekas,8,B,45,85,0.3572,,,,,2,,
B,K8C,Kawekas,8,C,45,95,0.3802,,,,,2,,
B,K8D,Kawekas,8,D,48,85,0.3871,,,,,7,,
B,K8E,Kawekas,8,E,50,2,0.0105,0,,2,,,plus a few wings,
C,K9A,Kawekas,9,A,43,57,0.19,,,,,18,,
C,K9B,Kawekas,9,B,44,47,0.1851,,,,,32,,
C,K9C,Kawekas,9,C,35,0,0,,,,,,,
C,K9D,Kawekas,9,D,36,1,0.0036,0,,1,,1,,
C,K9E,Kawekas,9,E,44,44,0.1561,,,,,35,,
C,K10A,Kawekas,10,A,55,99,0.5183,,,,,18,,
C,K10B,Kawekas,10,B,43,78,0.3311,,,,,10,,
C,K10C,Kawekas,10,C,47,100,0.3902,,,,,12,,
C,K10D,Kawekas,10,D,49,21,0.0822,,,,,2,Wings damaged by mould,
C,K10E,Kawekas,10,E,34,55,0.2265,,,,,3,,
C,K11A,Kawekas,11,A,38,102,0.2855,,,,,11,,
C,K11B,Kawekas,11,B,35,85,0.2381,,,,,10,,
C,K11C,Kawekas,11,C,38,2,0.0031,2,,,,,,
C,K11D,Kawekas,11,D,38,92,0.275,,,,,7,,
C,K11E,Kawekas,11,E,34,88,0.2258,,,,,7,,
C,K12A,Kawekas,12,A,31,80,0.2681,,,,,2,,
C,K12B,Kawekas,12,B,35,75,0.2785,,,,,2,,
C,K12C,Kawekas,12,C,39,104,0.4556,,,,,3,,
C,K12D,Kawekas,12,D,38,,0.4115,,,,,2,Seed count missing. Originally 7 but clearly wrong. Packet missing now.,
C,K12E,Kawekas,12,E,36,105,0.3817,,,,,2,,
D,K13A,Kawekas,13,A,38,30,0.1541,,,,,40,Immature seed half mature,
D,K13B,Kawekas,13,B,45,67,0.299,,,,,35,Immature seed half mature,
D,K13C,Kawekas,13,C,45,41,0.2662,,,,,47,Immature seed half mature | missing,
D,K13D,Kawekas,13,D,43,55,0.2271,,,,,42,Immature seed half mature,
D,K13E,Kawekas,13,E,45,50,0.2628,,,,,58,Immature seed half mature |two K13E,
D,K14A,Kawekas,14,A,46,20,0.0991,,,,,2,,
D,K14B,Kawekas,14,B,38,87,0.4235,,,,,2,,
D,K14C,Kawekas,14,C,42,94,0.3945,,,,,5,,
D,K14D,Kawekas,14,D,42,0,0,,,,,,old cone,
D,K14E,Kawekas,14,E,44,64,0.3033,,,,,14,,
D,K15A,Kawekas,15,A,61,106,0.5927,,,,,21,,
D,K15B,Kawekas,15,B,55,99,0.5705,,,,,7,"Cone not fully open due to mould, prised oped to get rest of seed",y
D,K15C,Kawekas,15,C,50,94,0.389,,,,,6,3 mature seed missing wings,
D,K15D,Kawekas,15,D,52,98,0.5067,,,,,4,"Cone not fully open due to mould, prised oped to get rest of seed",
D,K15E,Kawekas,15,E,55,108,0.6097,,,,,9,"Cone not fully open due to mould, prised oped to get rest of seed. 3 mising wings",
D,K16A,Kawekas,16,A,,,,,,,,,Not selected,
D,K16B,Kawekas,16,B,,,,,,,,,Not selected,
D,K16C,Kawekas,16,C,,,,,,,,,Not selected,
D,K16D,Kawekas,16,D,,,,,,,,,Not selected,
D,K16E,Kawekas,16,E,,,,,,,,,Not selected,
E,K17A,Kawekas,17,A,57,132,0.6683,,,,,13,Very mouldy,y
E,K17B,Kawekas,17,B,56,109,0.4614,,,,,7,only partially open due to mould - prised open to get rest of seed,y
E,K17C,Kawekas,17,C,44,65,0.2539,,,,,3,only partially open due to mould - prised open to get rest of seed,y
E,K17D,Kawekas,17,D,45,74,0.3732,,,,,17,partially closed due to mould - prised open to get seed,
E,K17E,Kawekas,17,E,51,100,0.4026,,,,,10,half closed due to mould - prised open to get seed,
E,K18A,Kawekas,18,A,45,100,0.4515,,,,,18,,
E,K18B,Kawekas,18,B,42,88,0.4851,,,,,17,,
E,K18C,Kawekas,18,C,46,93,0.4563,,,,,12,,
E,K18D,Kawekas,18,D,45,104,0.4335,,,,,9,,
E,K18E,Kawekas,18,E,42,83,0.3802,,,,,16,,
E,K19A,Kawekas,19,A,49,107,0.4629,,,,,6,,
E,K19B,Kawekas,19,B,51,103,0.488,,,,,34,Had to prise open cone a bit - slightly immature?,
E,K19C,Kawekas,19,C,47,90,0.3948,,,,,17,Had to prise open cone a bit - slightly immature?,y
E,K19D,Kawekas,19,D,46,99,0.2551,,,,,14,"seed mostly all came out ok | two k20D, most likely K19D",
E,K19E,Kawekas,19,E,46,87,0.4231,,,,,27,Prised open a bit. Photo is cone prior to prising open,y
E,K20A,Kawekas,20,A,51,80,0.2792,,,,,5,Not fully open - prised open and some wings stuck to scales because of mould,
E,K20B,Kawekas,20,B,47,59,0.2191,,,,,5,Mouldy - not fully open,
E,K20C,Kawekas,20,C,47,,,,,,,,Didn't open so didn't count seed,y
E,K20D,Kawekas,20,D,50,80,0.369,,,,,13,,
E,K20E,Kawekas,20,E,41,79,0.2522,,,,,4,cone partially closed - prised open,
A,H1A,Hanmer,1,A,45,65,0.7373,55,0.2323,10,0.0505,,3 unviable seeds not weighed - pulverised,y
A,H1B,Hanmer,1,B,45,81,0.3387,72,0.2926,9,0.0461,,,
A,H1C,Hanmer,1,C,37,47,0.0978,33,0.0788,14,0.0404,,didn't open at 30°C. Reheated to 38°C. Prised open to get seeds,y
A,H1D,Hanmer,1,D,45,82,0.3074,72,0.2667,10,0.0407,,,
A,H1E,Hanmer,1,E,47,56,0.1791,,,,,,didn't open at 30°C. Reheated to 38°C. Prised open to get seeds,
A,H2A,Hanmer,2,A,43,57,0.288,47,0.2147,10,0.0733,,,
A,H2B,Hanmer,2,B,43,55,0.2457,45,0.2069,10,0.0388,,,
A,H2C,Hanmer,2,C,41,27,0.3216,17,0.2667,10,0.0549,>50,lots of small immature seed (photo) not kept,y
A,H2D,Hanmer,2,D,38,57,0.2631,1,0.006,56,0.2571,16,"plus 16 wings with tiny seed, not kept",
A,H2E,Hanmer,2,E,36,23,0.1021,,,,,50,plus 50 immature seed kept,
A,H3A,Hanmer,3,A,36,44,0.1752,,,,,7,older cone,
A,H3B,Hanmer,3,B,36,43,0.1187,,,,,8,older cone,
A,H3C,Hanmer,3,C,38,53,0.1758,,,,,6,older cone,
A,H3D,Hanmer,3,D,35,54,0.2383,,,,,4,older cone,
A,H3E,Hanmer,3,E,39,62,0.1796,,,,,9,older cone,
A,H4A,Hanmer,4,A,46,137,0.6094,,,,,50,~50 - mostly just small wings,y
A,H4B,Hanmer,4,B,43,95,0.3922,,,,,5,many small wings only (photo),
A,H4C,Hanmer,4,C,41,100,0.4249,,,,,35,"~35 immature, mostly just small wings",
A,H4D,Hanmer,4,D,46,125,0.5414,,,,,50,"~50 immature, mostly just small wings",
A,H4E,Hanmer,4,E,43,120,0.4498,,,,,34,"~34 immature, many small wings",
B,H5A,Hanmer,5,A,54,82,0.5264,,,,,,lots of immature but mostly just small wings,
B,H5B,Hanmer,5,B,49,84,0.4214,,,,,,lots of immature but mostly just small wings,
B,H5C,Hanmer,5,C,55,113,0.5951,,,,,,lots of immature but mostly just small wings,
B,H5D,Hanmer,5,D,51,46,0.4478,,,,,,lots of immature but mostly just small wings | 46?,
B,H5E,Hanmer,5,E,46,80,0.414,,,,,,,
B,H6A,Hanmer,6,A,42,60,0.3039,,,,,,,
B,H6B,Hanmer,6,B,45,82,0.4239,,,,,,,
B,H6C,Hanmer,6,C,42,63,0.3234,,,,,,,
B,H6D,Hanmer,6,D,39,65,0.3519,,,,,,,
B,H6E,Hanmer,6,E,41,62,0.3076,,,,,,,
B,H7A,Hanmer,7,A,42,51,0.2563,,,,,50,~50 tiny immature black seed in open scales (photo),y
B,H7B,Hanmer,7,B,44,43,0.1626,,,,0.0417,48,immature black seed kept separate,y
B,H7C,Hanmer,7,C,37,33,0.1825,,,,0.0316,46,immature black seed kept separate,
B,H7D,Hanmer,7,D,35,34,0.1687,,,,0.0259,41,immature black seed kept separate,
B,H7E,Hanmer,7,E,41,52,0.2357,,,,0.0384,52,immature black seed kept separate,
B,H8A,Hanmer,8,A,39,65,0.2757,,,,,,lots of just small wings,
B,H8B,Hanmer,8,B,36,55,0.1782,,,,,,lots of just small wings,
B,H8C,Hanmer,8,C,36,56,0.2206,,,,,,lots of just small wings,
B,H8D,Hanmer,8,D,31,33,0.1296,,,,,,lots of just small wings,
B,H8E,Hanmer,8,E,36,57,0.1921,,,,,,lots of just small wings,
C,H9A,Hanmer,9,A,40,71,0.3505,,,,,,lots of just small wings,
C,H9B,Hanmer,9,B,37,62,0.3335,,,,,8,"8 very tiny, immature seed - rest just wings",
C,H9C,Hanmer,9,C,37,62,0.2986,,,,,2,"2 very tiny, immature seed - rest just wings",
C,H9D,Hanmer,9,D,43,74,0.3483,,,,,3,"3 very tiny, immature seed - rest just wings",
C,H9E,Hanmer,9,E,40,77,0.3496,,,,,7,"7 very tiny, immature seed - rest just wings",
C,H10A,Hanmer,10,A,42,99,0.3846,,,,,,a few wings only,
C,H10B,Hanmer,10,B,38,96,0.2737,,,,,,a few wings only,
C,H10C,Hanmer,10,C,45,122,0.4369,,,,,,a few wings only,
C,H10D,Hanmer,10,D,47,119,0.4959,,,,,,a few wings only,
C,H10E,Hanmer,10,E,31,58,0.1797,,,,,,a few wings only,
C,H11A,Hanmer,11,A,45,80,0.2451,,,,,,a few wings only,
C,H11B,Hanmer,11,B,45,76,0.2756,,,,,14,"14 very tiny, immature seed - rest just wings",
C,H11C,Hanmer,11,C,36,56,0.1947,,,,,2,"2 very tiny, immature seed - lots of just wings",
C,H11D,Hanmer,11,D,37,77,0.2643,,,,,3,"3 very tiny, immature seed - 7 wings only",
C,H11E,Hanmer,11,E,36,60,0.1867,,,,,,a few small wings only,
C,H12A,Hanmer,12,A,29,44,0.1484,,,,,,a few small wings only,
C,H12B,Hanmer,12,B,33,54,0.2086,,,,,2,"2 very tiny, immature seed - lots of just wings",
C,H12C,Hanmer,12,C,32,54,0.1837,,,,,,lots of just small wings,
C,H12D,Hanmer,12,D,31,51,0.1897,,,,,4,"4 very tiny, immature seed - lots of just wings",
C,H12E,Hanmer,12,E,30,48,0.1701,,,,,4,"4 very tiny, immature seed - lots of just wings",
D,H13A,Hanmer,13,A,36,104,0.3856,,,,,9,"9 very tiny, immature seed - lots of just wings",
D,H13B,Hanmer,13,B,34,75,0.3299,,,,,19,"19 very tiny, immature seed - lots of just wings",
D,H13C,Hanmer,13,C,34,88,0.3396,,,,,10,"10 very tiny, immature seed - lots of just wings",
D,H13D,Hanmer,13,D,31,73,0.2786,,,,,13,"13 very tiny, immature seed - lots of just wings",
D,H13E,Hanmer,13,E,32,77,0.2946,,,,,17,"17 very tiny, immature seed - lots of just wings",
D,H14A,Hanmer,14,A,37,74,0.2818,,,,,1,"1 very tiny, immature seed - lots of just wings",y
D,H14B,Hanmer,14,B,38,73,0.2835,,,,,4,"4 very tiny, immature seed - lots of just wings",y
D,H14C,Hanmer,14,C,39,74,0.2873,,,,,7,"7 very tiny, immature seed - lots of just wings",y
D,H14D,Hanmer,14,D,36,59,0.2447,,,,,1,"1 very tiny, immature seed - lots of just wings",y
D,H14E,Hanmer,14,E,39,82,0.3205,,,,,4,"4 very tiny, immature seed - lots of just wings",y
D,H15A,Hanmer,15,A,42,67,0.2097,,,,,6,lots of just small wings,
D,H15B,Hanmer,15,B,41,85,0.2147,,,,,5,,
D,H15C,Hanmer,15,C,44,,,,,,,,didn't open at 30°C. Reheated to 38°C. Only slightly open - not counted,
D,H15D,Hanmer,15,D,47,52,0.1558,,,,,,didn't open at 30°C. Reheated to 38°C. Prised open to get seeds,y
D,H15E,Hanmer,15,E,43,44,0.2581,,,,,,44?,
D,H16A,Hanmer,16,A,40,54,0.2603,,,,,7,Cone not fully open but lots of mature seed,
D,H16B,Hanmer,16,B,37,54,0.2577,,,,,10,,
D,H16C,Hanmer,16,C,40,,,,,,,,didn't open at 30°C. Reheated to 38°C. didn't open - not counted,
D,H16D,Hanmer,16,D,44,47,0.3008,,,,,,"only half open, reheated to 37°C and prised open to reveal mature seed",
D,H16E,Hanmer,16,E,40,,,,,,,,didn't open at 30°C. Reheated to 38°C. didn't open - not counted,
E,H17A,Hanmer,17,A,40,103,0.4006,,,,,9,,y
E,H17B,Hanmer,17,B,38,116,0.4282,,,,,3,,y
E,H17C,Hanmer,17,C,40,110,0.4182,,,,,5,,y
E,H17D,Hanmer,17,D,39,91,0.3819,,,,,10,,y
E,H17E,Hanmer,17,E,32,72,0.2529,,,,,8,,y
E,H18A,Hanmer,18,A,26,,,,,,,,"Old cone, seed all gone",y
E,H18B,Hanmer,18,B,22,,,,,,,,"Old cone, seed all gone",y
E,H18C,Hanmer,18,C,31,58,0.2117,,,,,,,y
E,H18D,Hanmer,18,D,35,74,0.3032,,,,,4,,y
E,H18E,Hanmer,18,E,28,60,0.2145,,,,,7,,y
E,H19A,Hanmer,19,A,30,43,0.1653,,,,,13,,
E,H19B,Hanmer,19,B,27,51,0.1941,,,,,4,,
E,H19C,Hanmer,19,C,28,42,0.2095,,,,,12,,
E,H19D,Hanmer,19,D,30,49,0.2479,,,,,3,,
E,H19E,Hanmer,19,E,31,74,0.2754,,,,,5,,
E,H20A,Hanmer,20,A,37,85,0.4629,,,,,6,,
E,H20B,Hanmer,20,B,33,61,0.3205,,,,,2,,
E,H20C,Hanmer,20,C,32,49,,,,,,5,Missing,
E,H20D,Hanmer,20,D,34,53,0.2882,,,,,10,,
E,H20E,Hanmer,20,E,38,70,0.3237,,,,,1,,
F,H21A,Hanmer,21,A,49,53,0.2097,,,,,11,,
F,H21B,Hanmer,21,B,45,98,0.3837,,,,,4,,
F,H21C,Hanmer,21,C,36,96,0.4004,,,,,1,,
F,H21D,Hanmer,21,D,43,65,0.2416,,,,,3,,
F,H21E,Hanmer,21,E,37,93,0.329,,,,,8,,
F,H22A,Hanmer,22,A,37,91,0.3913,,,,,,,
F,H22B,Hanmer,22,B,37,85,0.3523,,,,,7,,
F,H22C,Hanmer,22,C,37,89,0.3756,,,,,4,,
F,H22D,Hanmer,22,D,34,79,0.3787,,,,,9,,
F,H22E,Hanmer,22,E,31,60,0.2536,,,,,3,,
F,H23A,Hanmer,23,A,42,94,0.3825,,,,,,,
F,H23B,Hanmer,23,B,42,101,0.4069,,,,,12,,
F,H23C,Hanmer,23,C,40,101,0.356,,,,,8,,
F,H23D,Hanmer,23,D,36,85,0.2573,,,,,9,,
F,H23E,Hanmer,23,E,43,87,0.3716,,,,,6,,
F,H24A,Hanmer,24,A,36,68,0.2976,,,,,11,,
F,H24B,Hanmer,24,B,34,63,0.2703,,,,,5,,
F,H24C,Hanmer,24,C,34,60,0.2841,,,,,4,,
F,H24D,Hanmer,24,D,32,49,0.239,,,,,7,,
F,H24E,Hanmer,24,E,30,62,0.254,,,,,5,,
G,H25A,Hanmer,25,A,35,80,0.3369,,,,,4,,
G,H25B,Hanmer,25,B,43,88,0.4927,,,,,11,,
G,H25C,Hanmer,25,C,36,72,0.3335,,,,,6,,
G,H25D,Hanmer,25,D,33,67,0.2483,,,,,3,,
G,H25E,Hanmer,25,E,41,89,0.3784,,,,,5,,
G,H26A,Hanmer,26,A,45,111,0.4916,,,,,,,
G,H26B,Hanmer,26,B,41,87,0.3782,,,,,,,
G,H26C,Hanmer,26,C,41,83,0.3557,,,,,7,,
G,H26D,Hanmer,26,D,36,80,0.2913,,,,,4,,
G,H26E,Hanmer,26,E,36,80,0.3302,,,,,4,,
G,H27A,Hanmer,27,A,45,115,0.5158,,,,,7,,
G,H27B,Hanmer,27,B,41,84,0.3555,,,,,9,,
G,H27C,Hanmer,27,C,37,65,0.2368,,,,,11,,
G,H27D,Hanmer,27,D,36,67,0.2458,,,,,18,,
G,H27E,Hanmer,27,E,37,77,0.2727,,,,,14,,
G,H28A,Hanmer,28,A,37,77,0.3256,,,,,,,
G,H28B,Hanmer,28,B,37,74,0.3695,,,,,2,,
G,H28C,Hanmer,28,C,36,71,0.3367,,,,,2,,
G,H28D,Hanmer,28,D,38,72,0.33,,,,,4,,
G,H28E,Hanmer,28,E,34,60,0.2445,,,,,6,,
