year,collector_id,full_id,full_tree,site,Population,cone_id,serot,cone_length_mm,cone_x,cone_y,no_filled,no_unfilled,tot_seed_wgt_g,mism_g,seed_1_g,seed_2_g,seed_3_g,seed_4_g,seed_5_g,seed_6_g,seed_7_g,seed_8_g,seed_9_g,seed_10_g,no_scal,tot_scale_wt_g,mibm_g,scale_1_g,scale_2_g,scale_3_g,scale_4_g,scale_5_g,scale_6_g,scale_7_g,scale_8_g,scale_9_g,scale_10_g,no_immature
21/22,TP,P1B,P1,Pukaki,A,B,N,41,,,115,,0.4734,0.004116522,,,,,,,,,,,,,,,,,,,,,,,,
21/22,TP,P1D,P1,Pukaki,A,D,N,40,,,97,,0.5428,0.005595876,,,,,,,,,,,,,,,,,,,,,,,,
21/22,TP,P1E,P1,Pukaki,A,E,N,40,,,83,,0.4697,0.005659036,,,,,,,,,,,,,,,,,,,,,,,,4
21/22,TP,P2A,P2,Pukaki,A,A,N,37,,,64,,0.3238,0.005059375,,,,,,,,,,,,,,,,,,,,,,,,
21/22,TP,P3A,P3,Pukaki,A,A,N,46,,,93,,0.4065,0.004370968,,,,,,,,,,,,,,,,,,,,,,,,
21/22,TP,P3B,P3,Pukaki,A,B,N,40,,,68,,0.3205,0.004713235,,,,,,,,,,,,,,,,,,,,,,,,3
21/22,TP,P3C,P3,Pukaki,A,C,N,43,,,83,,0.3613,0.004353012,,,,,,,,,,,,,,,,,,,,,,,,
21/22,TP,P4A,P4,Pukaki,A,A,N,52,,,130,,0.693,0.005330769,,,,,,,,,,,,,,,,,,,,,,,,
21/22,TP,P4B,P4,Pukaki,A,B,N,43,,,97,,0.401,0.004134021,,,,,,,,,,,,,,,,,,,,,,,,
21/22,TP,P5A,P5,Pukaki,A,A,N,42,,,74,,0.2938,0.00397027,,,,,,,,,,,,,,,,,,,,,,,,
21/22,TP,P5B,P5,Pukaki,A,B,N,40,,,64,,0.2578,0.004028125,,,,,,,,,,,,,,,,,,,,,,,,4
21/22,TP,P5C,P5,Pukaki,A,C,N,44,,,69,,0.3328,0.004823188,,,,,,,,,,,,,,,,,,,,,,,,3
21/22,TP,P5D,P5,Pukaki,A,D,N,40,,,60,,0.21,0.0035,,,,,,,,,,,,,,,,,,,,,,,,6
21/22,TP,P5E,P5,Pukaki,A,E,N,42,,,72,,0.2827,0.003926389,,,,,,,,,,,,,,,,,,,,,,,,4
21/22,TP,P6A,P6,Pukaki,A,A,N,49,,,112,,0.5863,0.005234821,,,,,,,,,,,,,,,,,,,,,,,,
21/22,TP,P6B,P6,Pukaki,A,B,N,53,,,117,,0.6633,0.005669231,,,,,,,,,,,,,,,,,,,,,,,,2
21/22,TP,P6C,P6,Pukaki,A,C,N,43,,,88,,0.5734,0.006515909,,,,,,,,,,,,,,,,,,,,,,,,2
21/22,TP,P6D,P6,Pukaki,A,D,N,47,,,123,,0.722,0.005869919,,,,,,,,,,,,,,,,,,,,,,,,3
21/22,TP,P6E,P6,Pukaki,A,E,N,45,,,80,,0.601,0.0075125,,,,,,,,,,,,,,,,,,,,,,,,
21/22,TP,P7A,P7,Pukaki,A,A,N,40,,,91,,0.4055,0.004456044,,,,,,,,,,,,,,,,,,,,,,,,
21/22,TP,P7B,P7,Pukaki,A,B,N,36,,,72,,0.3395,0.004715278,,,,,,,,,,,,,,,,,,,,,,,,7
21/22,TP,P7C,P7,Pukaki,A,C,N,39,,,86,,0.3832,0.004455814,,,,,,,,,,,,,,,,,,,,,,,,3
21/22,TP,P7D,P7,Pukaki,A,D,N,36,,,77,,0.3258,0.004231169,,,,,,,,,,,,,,,,,,,,,,,,5
21/22,TP,P7E,P7,Pukaki,A,E,N,38,,,81,,0.3526,0.004353086,,,,,,,,,,,,,,,,,,,,,,,,4
21/22,TP,P8A,P8,Pukaki,A,A,N,56,,,80,,0.5273,0.00659125,,,,,,,,,,,,,,,,,,,,,,,,
21/22,TP,P8B,P8,Pukaki,A,B,N,53,,,80,,0.5308,0.006635,,,,,,,,,,,,,,,,,,,,,,,,5
21/22,TP,P8C,P8,Pukaki,A,C,N,57,,,78,,0.5027,0.006444872,,,,,,,,,,,,,,,,,,,,,,,,12
21/22,TP,P8D,P8,Pukaki,A,D,N,60,,,91,,0.5785,0.006357143,,,,,,,,,,,,,,,,,,,,,,,,9
21/22,TP,P8E,P8,Pukaki,A,E,N,51,,,69,,0.5241,0.007595652,,,,,,,,,,,,,,,,,,,,,,,,7
21/22,TP,P9A,P9,Pukaki,A,A,N,52,,,121,,0.6129,0.005065289,,,,,,,,,,,,,,,,,,,,,,,,
21/22,TP,P9B,P9,Pukaki,A,B,N,53,,,111,,0.6031,0.005433333,,,,,,,,,,,,,,,,,,,,,,,,
21/22,TP,P9C,P9,Pukaki,A,C,N,53,,,133,,0.7457,0.005606767,,,,,,,,,,,,,,,,,,,,,,,,
21/22,TP,P9D,P9,Pukaki,A,D,N,53,,,133,,0.6895,0.005184211,,,,,,,,,,,,,,,,,,,,,,,,4
21/22,TP,P9E,P9,Pukaki,A,E,N,53,,,121,,0.6393,0.005283471,,,,,,,,,,,,,,,,,,,,,,,,2
21/22,TP,P10A,P10,Pukaki,A,A,N,48,,,76,,0.3635,0.004782895,,,,,,,,,,,,,,,,,,,,,,,,
21/22,TP,P10B,P10,Pukaki,A,B,N,44,,,55,,0.2781,0.005056364,,,,,,,,,,,,,,,,,,,,,,,,21
21/22,TP,P10C,P10,Pukaki,A,C,N,44,,,62,,0.2217,0.003575806,,,,,,,,,,,,,,,,,,,,,,,,
21/22,TP,P10D,P10,Pukaki,A,D,N,37,,,63,,0.185,0.002936508,,,,,,,,,,,,,,,,,,,,,,,,11
21/22,TP,P10E,P10,Pukaki,A,E,N,32,,,31,,0.1178,0.0038,,,,,,,,,,,,,,,,,,,,,,,,13
21/22,MS,P11A,P11,Pukaki,A,A,N,60,,,84,,0.4914,0.00585,,,,,,,,,,,,,,,,,,,,,,,,
21/22,MS,P11B,P11,Pukaki,A,B,N,60,,,82,,0.5131,0.006257317,,,,,,,,,,,,,,,,,,,,,,,,15
21/22,MS,P11C,P11,Pukaki,A,C,N,55,,,65,,0.3584,0.005513846,,,,,,,,,,,,,,,,,,,,,,,,20
21/22,MS,P11D,P11,Pukaki,A,D,N,51,,,76,,0.4342,0.005713158,,,,,,,,,,,,,,,,,,,,,,,,10
21/22,MS,P11E,P11,Pukaki,A,E,N,46,,,45,,0.2484,0.00552,,,,,,,,,,,,,,,,,,,,,,,,19
21/22,MS,P12A,P12,Pukaki,A,A,N,50,,,97,,0.4063,0.00418866,,,,,,,,,,,,,,,,,,,,,,,,
21/22,MS,P12B,P12,Pukaki,A,B,N,48,,,106,,0.482,0.00454717,,,,,,,,,,,,,,,,,,,,,,,,4
21/22,MS,P12C,P12,Pukaki,A,C,N,51,,,105,,0.4476,0.004262857,,,,,,,,,,,,,,,,,,,,,,,,3
21/22,MS,P12D,P12,Pukaki,A,D,N,50,,,102,,0.4181,0.00409902,,,,,,,,,,,,,,,,,,,,,,,,4
21/22,MS,P12E,P12,Pukaki,A,E,N,44,,,73,,0.2991,0.00409726,,,,,,,,,,,,,,,,,,,,,,,,
21/22,MS,P14A,P14,Pukaki,A,A,N,52,,,129,,0.7036,0.005454264,,,,,,,,,,,,,,,,,,,,,,,,
21/22,MS,P14B,P14,Pukaki,A,B,N,51,,,146,,0.723,0.004952055,,,,,,,,,,,,,,,,,,,,,,,,6
21/22,MS,P14D,P14,Pukaki,A,D,N,44,,,74,,0.4022,0.005435135,,,,,,,,,,,,,,,,,,,,,,,,
21/22,MS,P14E,P14,Pukaki,A,E,N,52,,,115,,0.6895,0.005995652,,,,,,,,,,,,,,,,,,,,,,,,1
21/22,MS,P15A,P15,Pukaki,A,A,N,54,,,146,,0.714,0.004890411,,,,,,,,,,,,,,,,,,,,,,,,
21/22,MS,P15B,P15,Pukaki,A,B,N,52,,,143,,0.7388,0.005166434,,,,,,,,,,,,,,,,,,,,,,,,3
21/22,MS,P15C,P15,Pukaki,A,C,N,50,,,114,,0.6395,0.005609649,,,,,,,,,,,,,,,,,,,,,,,,2
21/22,MS,P15D,P15,Pukaki,A,D,N,46,,,99,,0.5063,0.005114141,,,,,,,,,,,,,,,,,,,,,,,,1
21/22,MS,P15E,P15,Pukaki,A,E,N,54,,,133,,0.7475,0.005620301,,,,,,,,,,,,,,,,,,,,,,,,2
21/22,MS,P18B,P18,Pukaki,A,B,N,45,,,106,,0.532,0.005018868,,,,,,,,,,,,,,,,,,,,,,,,1
21/22,MS,P19B,P19,Pukaki,A,B,N,40,,,80,,0.4341,0.00542625,,,,,,,,,,,,,,,,,,,,,,,,
21/22,MS,P19D,P19,Pukaki,A,D,N,44,,,96,,0.439,0.004572917,,,,,,,,,,,,,,,,,,,,,,,,2
21/22,MS,P19E,P19,Pukaki,A,E,N,45,,,92,,0.5137,0.005583696,,,,,,,,,,,,,,,,,,,,,,,,
21/22,MS,P21B,P21,Pukaki,A,B,N,41,,,40,,0.2032,0.00508,,,,,,,,,,,,,,,,,,,,,,,,19
21/22,MS,P21C,P21,Pukaki,A,C,N,40,,,35,,0.2189,0.006254286,,,,,,,,,,,,,,,,,,,,,,,,30
21/22,MS,P21D,P21,Pukaki,A,D,N,44,,,37,,0.2153,0.005818919,,,,,,,,,,,,,,,,,,,,,,,,
21/22,MS,P22E,P22,Pukaki,A,E,N,39,,,18,,0.0872,0.004844444,,,,,,,,,,,,,,,,,,,,,,,,22
21/22,MS,P24A,P24,Pukaki,A,A,N,45,,,36,,0.1919,0.005330556,,,,,,,,,,,,,,,,,,,,,,,,
21/22,MS,P24B,P24,Pukaki,A,B,N,42,,,46,,0.2264,0.004921739,,,,,,,,,,,,,,,,,,,,,,,,27
21/22,MS,P24C,P24,Pukaki,A,C,N,44,,,43,,0.221,0.005139535,,,,,,,,,,,,,,,,,,,,,,,,30
21/22,MS,P24E,P24,Pukaki,A,E,N,41,,,37,,0.2032,0.005491892,,,,,,,,,,,,,,,,,,,,,,,,
21/22,MS,MD1A,M1,Mid-Dome,A,A,N,52,,,140,,0.6864,0.004902857,,,,,,,,,,,,,,,,,,,,,,,,4
21/22,MS,MD1B,M1,Mid-Dome,A,B,N,41,,,111,,0.4649,0.004188288,,,,,,,,,,,,,,,,,,,,,,,,5
21/22,MS,MD1C,M1,Mid-Dome,A,C,N,49,,,134,,0.6757,0.005042537,,,,,,,,,,,,,,,,,,,,,,,,5
21/22,MS,MD1D,M1,Mid-Dome,A,D,N,52,,,124,,0.6579,0.005305645,,,,,,,,,,,,,,,,,,,,,,,,9
21/22,MS,MD1E,M1,Mid-Dome,A,E,N,48,,,127,,0.5369,0.004227559,,,,,,,,,,,,,,,,,,,,,,,,15
21/22,MS,MD2D,M2,Mid-Dome,A,D,N,56,,,93,,0.4235,0.004553763,,,,,,,,,,,,,,,,,,,,,,,,
21/22,MS,MD3A,M3,Mid-Dome,A,A,N,49,,,104,,0.511,0.004913462,,,,,,,,,,,,,,,,,,,,,,,,7
21/22,MS,MD3B,M3,Mid-Dome,A,B,N,41,,,48,,0.2683,0.005589583,,,,,,,,,,,,,,,,,,,,,,,,25
21/22,MS,MD3C,M3,Mid-Dome,A,C,N,40,,,51,,0.2595,0.005088235,,,,,,,,,,,,,,,,,,,,,,,,5
21/22,MS,MD3D,M3,Mid-Dome,A,D,N,52,,,124,,0.6683,0.005389516,,,,,,,,,,,,,,,,,,,,,,,,9
21/22,MS,MD3E,M3,Mid-Dome,A,E,N,46,,,130,,0.4171,0.003208462,,,,,,,,,,,,,,,,,,,,,,,,2
21/22,MS,MD4A,M4,Mid-Dome,A,A,N,40,,,8,,0.0268,0.00335,,,,,,,,,,,,,,,,,,,,,,,,
21/22,MS,MD4B,M4,Mid-Dome,A,B,N,49,,,75,,0.2953,0.003937333,,,,,,,,,,,,,,,,,,,,,,,,14
21/22,MS,MD4C,M4,Mid-Dome,A,C,N,42,,,19,,0.0608,0.0032,,,,,,,,,,,,,,,,,,,,,,,,
21/22,MS,MD4D,M4,Mid-Dome,A,D,N,41,,,10,,0.0307,0.00307,,,,,,,,,,,,,,,,,,,,,,,,
21/22,MS,MD4E,M4,Mid-Dome,A,E,N,39,,,62,,0.2145,0.003459677,,,,,,,,,,,,,,,,,,,,,,,,
21/22,MS,MD5A,M5,Mid-Dome,A,A,N,34,,,73,,0.1563,0.002141096,,,,,,,,,,,,,,,,,,,,,,,,22
21/22,MS,MD5B,M5,Mid-Dome,A,B,N,39,,,105,,0.3399,0.003237143,,,,,,,,,,,,,,,,,,,,,,,,29
21/22,MS,MD5C,M5,Mid-Dome,A,C,N,42,,,110,,0.3232,0.002938182,,,,,,,,,,,,,,,,,,,,,,,,32
21/22,MS,MD5D,M5,Mid-Dome,A,D,N,40,,,106,,0.4078,0.00384717,,,,,,,,,,,,,,,,,,,,,,,,21
21/22,MS,MD5E,M5,Mid-Dome,A,E,N,41,,,135,,0.3483,0.00258,,,,,,,,,,,,,,,,,,,,,,,,24
21/22,MS,MD6E,M6,Mid-Dome,A,E,N,48,,,81,,0.4296,0.005303704,,,,,,,,,,,,,,,,,,,,,,,,24
21/22,MS,MD7A,M7,Mid-Dome,A,A,N,54,,,88,,0.4574,0.005197727,,,,,,,,,,,,,,,,,,,,,,,,10
21/22,MS,MD7B,M7,Mid-Dome,A,B,N,50,,,58,,0.2568,0.004427586,,,,,,,,,,,,,,,,,,,,,,,,49
21/22,MS,MD7C,M7,Mid-Dome,A,C,N,22,,,92,,0.4866,0.00528913,,,,,,,,,,,,,,,,,,,,,,,,14
21/22,MS,MD7D,M7,Mid-Dome,A,D,N,44,,,59,,0.2455,0.004161017,,,,,,,,,,,,,,,,,,,,,,,,14
21/22,MS,MD7E,M7,Mid-Dome,A,E,N,44,,,69,,0.2878,0.004171014,,,,,,,,,,,,,,,,,,,,,,,,11
21/22,MS,MD9A,M9,Mid-Dome,A,A,N,47,,,104,,0.5126,0.004928846,,,,,,,,,,,,,,,,,,,,,,,,12
21/22,MS,MD9B,M9,Mid-Dome,A,B,N,43,,,91,,0.3808,0.004184615,,,,,,,,,,,,,,,,,,,,,,,,10
21/22,MS,MD9C,M9,Mid-Dome,A,C,N,46,,,90,,0.4002,0.004446667,,,,,,,,,,,,,,,,,,,,,,,,15
21/22,MS,MD9D,M9,Mid-Dome,A,D,N,50,,,81,,0.5954,0.007350617,,,,,,,,,,,,,,,,,,,,,,,,3
21/22,MS,MD9E,M9,Mid-Dome,A,E,N,43,,,96,,0.4215,0.004390625,,,,,,,,,,,,,,,,,,,,,,,,3
21/22,MS,MD10A,M10,Mid-Dome,A,A,N,45,,,40,,0.2202,0.005505,,,,,,,,,,,,,,,,,,,,,,,,58
21/22,MS,MD10B,M10,Mid-Dome,A,B,N,50,,,47,,0.2425,0.005159574,,,,,,,,,,,,,,,,,,,,,,,,58
21/22,MS,MD10D,M10,Mid-Dome,A,D,N,34,,,3,,0.0175,0.005833333,,,,,,,,,,,,,,,,,,,,,,,,
21/22,MS,MD10E,M10,Mid-Dome,A,E,N,45,,,9,,0.0428,0.004755556,,,,,,,,,,,,,,,,,,,,,,,,
21/22,MS,MD11A,M11,Mid-Dome,A,A,N,51,,,8,,0.0426,0.005325,,,,,,,,,,,,,,,,,,,,,,,,
21/22,MS,MD11B,M11,Mid-Dome,A,B,N,58,,,42,,0.2392,0.005695238,,,,,,,,,,,,,,,,,,,,,,,,
21/22,MS,MD11C,M11,Mid-Dome,A,C,N,53,,,23,,0.1203,0.005230435,,,,,,,,,,,,,,,,,,,,,,,,
21/22,MS,MD11D,M11,Mid-Dome,A,D,N,61,,,58,,0.269,0.004637931,,,,,,,,,,,,,,,,,,,,,,,,55
21/22,MS,MD11E,M11,Mid-Dome,A,E,N,52,,,32,,0.2001,0.006253125,,,,,,,,,,,,,,,,,,,,,,,,
21/22,MS,MD13A,M13,Mid-Dome,A,A,N,57,,,82,,0.3816,0.004653659,,,,,,,,,,,,,,,,,,,,,,,,15
21/22,MS,MD13B,M13,Mid-Dome,A,B,N,54,,,68,,0.3788,0.005570588,,,,,,,,,,,,,,,,,,,,,,,,15
21/22,MS,MD13C,M13,Mid-Dome,A,C,N,48,,,41,,0.163,0.00397561,,,,,,,,,,,,,,,,,,,,,,,,24
21/22,MS,MD13D,M13,Mid-Dome,A,D,N,49,,,64,,0.3121,0.004876563,,,,,,,,,,,,,,,,,,,,,,,,4
21/22,MS,MD13E,M13,Mid-Dome,A,E,N,54,,,51,,0.2765,0.005421569,,,,,,,,,,,,,,,,,,,,,,,,4
21/22,MS,MD15A,M15,Mid-Dome,A,A,N,50,,,98,,0.5579,0.005692857,,,,,,,,,,,,,,,,,,,,,,,,24
21/22,MS,MD15B,M15,Mid-Dome,A,B,N,48,,,79,,0.3445,0.004360759,,,,,,,,,,,,,,,,,,,,,,,,25
21/22,MS,MD15C,M15,Mid-Dome,A,C,N,52,,,78,,0.4505,0.005775641,,,,,,,,,,,,,,,,,,,,,,,,16
21/22,MS,MD15D,M15,Mid-Dome,A,D,N,58,,,88,,0.5567,0.006326136,,,,,,,,,,,,,,,,,,,,,,,,15
21/22,MS,MD15E,M15,Mid-Dome,A,E,N,50,,,84,,0.4458,0.005307143,,,,,,,,,,,,,,,,,,,,,,,,22
21/22,MS,MD16A,M16,Mid-Dome,A,A,N,49,,,102,,0.4389,0.004302941,,,,,,,,,,,,,,,,,,,,,,,,4
21/22,MS,MD16B,M16,Mid-Dome,A,B,N,61,,,123,,0.6253,0.00508374,,,,,,,,,,,,,,,,,,,,,,,,3
21/22,MS,MD16C,M16,Mid-Dome,A,C,N,54,,,108,,0.5625,0.005208333,,,,,,,,,,,,,,,,,,,,,,,,2
21/22,MS,MD16D,M16,Mid-Dome,A,D,N,47,,,75,,0.3253,0.004337333,,,,,,,,,,,,,,,,,,,,,,,,5
21/22,MS,MD16E,M16,Mid-Dome,A,E,N,46,,,82,,0.3323,0.004052439,,,,,,,,,,,,,,,,,,,,,,,,5
21/22,MS,MD19A,M19,Mid-Dome,A,A,N,53,,,57,,0.5563,0.009759649,,,,,,,,,,,,,,,,,,,,,,,,28
21/22,MS,MD19B,M19,Mid-Dome,A,B,N,48,,,96,,0.3978,0.00414375,,,,,,,,,,,,,,,,,,,,,,,,14
21/22,MS,MD19C,M19,Mid-Dome,A,C,N,49,,,85,,0.532,0.006258824,,,,,,,,,,,,,,,,,,,,,,,,29
21/22,MS,MD19D,M19,Mid-Dome,A,D,N,48,,,89,,0.4652,0.005226966,,,,,,,,,,,,,,,,,,,,,,,,24
21/22,MS,MD19E,M19,Mid-Dome,A,E,N,53,,,106,,0.5145,0.004853774,,,,,,,,,,,,,,,,,,,,,,,,41
21/22,MS,MD20A,M20,Mid-Dome,A,A,N,52,,,100,,0.4312,0.004312,,,,,,,,,,,,,,,,,,,,,,,,12
21/22,MS,MD20B,M20,Mid-Dome,A,B,N,52,,,87,,0.4407,0.005065517,,,,,,,,,,,,,,,,,,,,,,,,10
21/22,MS,MD20C,M20,Mid-Dome,A,C,N,44,,,79,,0.281,0.003556962,,,,,,,,,,,,,,,,,,,,,,,,8
21/22,MS,MD20D,M20,Mid-Dome,A,D,N,46,,,82,,0.3462,0.004221951,,,,,,,,,,,,,,,,,,,,,,,,16
21/22,MS,MD20E,M20,Mid-Dome,A,E,N,42,,,80,,0.286,0.003575,,,,,,,,,,,,,,,,,,,,,,,,16
21/22,MS,MD21A,M21,Mid-Dome,A,A,N,38,,,82,,0.3546,0.00432439,,,,,,,,,,,,,,,,,,,,,,,,6
21/22,MS,MD21B,M21,Mid-Dome,A,B,N,38,,,85,,0.3653,0.004297647,,,,,,,,,,,,,,,,,,,,,,,,8
21/22,MS,MD21C,M21,Mid-Dome,A,C,N,43,,,89,,0.4006,0.004501124,,,,,,,,,,,,,,,,,,,,,,,,6
21/22,MS,MD21D,M21,Mid-Dome,A,D,N,41,,,86,,0.3796,0.004413953,,,,,,,,,,,,,,,,,,,,,,,,15
21/22,MS,MD21E,M21,Mid-Dome,A,E,N,36,,,78,,0.2886,0.0037,,,,,,,,,,,,,,,,,,,,,,,,9
21/22,MS,MD23A,M23,Mid-Dome,A,A,N,57,,,115,,0.5046,0.004387826,,,,,,,,,,,,,,,,,,,,,,,,11
21/22,MS,MD23B,M23,Mid-Dome,A,B,N,48,,,97,,0.3503,0.00361134,,,,,,,,,,,,,,,,,,,,,,,,9
21/22,MS,MD23C,M23,Mid-Dome,A,C,N,45,,,98,,0.4305,0.004392857,,,,,,,,,,,,,,,,,,,,,,,,8
21/22,MS,MD23D,M23,Mid-Dome,A,D,N,56,,,113,,0.554,0.004902655,,,,,,,,,,,,,,,,,,,,,,,,7
21/22,MS,MD23E,M23,Mid-Dome,A,E,N,43,,,76,,0.3249,0.004275,,,,,,,,,,,,,,,,,,,,,,,,8
21/22,MS,MD24A,M24,Mid-Dome,A,A,N,37,,,68,,0.2011,0.002957353,,,,,,,,,,,,,,,,,,,,,,,,4
21/22,MS,MD24B,M24,Mid-Dome,A,B,N,36,,,69,,0.2033,0.002946377,,,,,,,,,,,,,,,,,,,,,,,,7
21/22,MS,MD24C,M24,Mid-Dome,A,C,N,39,,,56,,0.1749,0.003123214,,,,,,,,,,,,,,,,,,,,,,,,5
21/22,MS,MD24D,M24,Mid-Dome,A,D,N,38,,,74,,0.2082,0.002813514,,,,,,,,,,,,,,,,,,,,,,,,8
21/22,MS,MD24E,M24,Mid-Dome,A,E,N,40,,,84,,0.2181,0.002596429,,,,,,,,,,,,,,,,,,,,,,,,6
21/22,MS,FH1A,F1,Flockhill,A,A,N,46,,,83,,0.3972,0.004785542,,,,,,,,,,,,,,,,,,,,,,,,11
21/22,MS,FH1B,F1,Flockhill,A,B,N,47,,,75,,0.4038,0.005384,,,,,,,,,,,,,,,,,,,,,,,,6
21/22,MS,FH1C,F1,Flockhill,A,C,N,40,,,79,,0.3563,0.004510127,,,,,,,,,,,,,,,,,,,,,,,,13
21/22,MS,FH1D,F1,Flockhill,A,D,N,51,,,92,,0.427,0.004641304,,,,,,,,,,,,,,,,,,,,,,,,47
21/22,MS,FH1E,F1,Flockhill,A,E,N,46,,,67,,0.369,0.005507463,,,,,,,,,,,,,,,,,,,,,,,,21
21/22,MS,FH2A,F2,Flockhill,A,A,N,36,,,28,,0.0986,0.003521429,,,,,,,,,,,,,,,,,,,,,,,,32
21/22,MS,FH2B,F2,Flockhill,A,B,N,45,,,69,,0.4484,0.006498551,,,,,,,,,,,,,,,,,,,,,,,,26
21/22,MS,FH2C,F2,Flockhill,A,C,N,41,,,37,,0.214,0.005783784,,,,,,,,,,,,,,,,,,,,,,,,51
21/22,MS,FH2D,F2,Flockhill,A,D,N,38,,,27,,0.1083,0.004011111,,,,,,,,,,,,,,,,,,,,,,,,51
21/22,MS,FH2E,F2,Flockhill,A,E,N,41,,,38,,0.1606,0.004226316,,,,,,,,,,,,,,,,,,,,,,,,32
21/22,MS,FH3A,F3,Flockhill,A,A,N,44,,,56,,0.2119,0.003783929,,,,,,,,,,,,,,,,,,,,,,,,28
21/22,MS,FH3B,F3,Flockhill,A,B,N,40,,,59,,0.2281,0.003866102,,,,,,,,,,,,,,,,,,,,,,,,36
21/22,MS,FH3C,F3,Flockhill,A,C,N,46,,,56,,0.3084,0.005507143,,,,,,,,,,,,,,,,,,,,,,,,41
21/22,MS,FH3D,F3,Flockhill,A,D,N,36,,,20,,0.0912,0.00456,,,,,,,,,,,,,,,,,,,,,,,,58
21/22,MS,FH3E,F3,Flockhill,A,E,N,40,,,45,,0.1726,0.003835556,,,,,,,,,,,,,,,,,,,,,,,,49
21/22,MS,FH4A,F4,Flockhill,A,A,N,55,,,43,,0.4629,0.010765116,,,,,,,,,,,,,,,,,,,,,,,,51
21/22,MS,FH4B,F4,Flockhill,A,B,N,52,,,55,,0.2562,0.004658182,,,,,,,,,,,,,,,,,,,,,,,,50
21/22,MS,FH4C,F4,Flockhill,A,C,N,58,,,48,,0.2672,0.005566667,,,,,,,,,,,,,,,,,,,,,,,,59
21/22,MS,FH4D,F4,Flockhill,A,D,N,54,,,57,,0.2509,0.004401754,,,,,,,,,,,,,,,,,,,,,,,,47
21/22,MS,FH4E,F4,Flockhill,A,E,N,49,,,59,,0.2566,0.004349153,,,,,,,,,,,,,,,,,,,,,,,,46
21/22,MS,FH5A,F5,Flockhill,A,A,N,38,,,69,,0.2718,0.00393913,,,,,,,,,,,,,,,,,,,,,,,,16
21/22,MS,FH5B,F5,Flockhill,A,B,N,39,,,72,,0.3552,0.004933333,,,,,,,,,,,,,,,,,,,,,,,,17
21/22,MS,FH5C,F5,Flockhill,A,C,N,51,,,16,,0.0916,0.005725,,,,,,,,,,,,,,,,,,,,,,,,70
21/22,MS,FH5D,F5,Flockhill,A,D,N,44,,,77,,0.3965,0.005149351,,,,,,,,,,,,,,,,,,,,,,,,15
21/22,MS,FH5E,F5,Flockhill,A,E,N,50,,,45,,0.2916,0.00648,,,,,,,,,,,,,,,,,,,,,,,,74
21/22,MS,FH6A,F6,Flockhill,A,A,N,33,,,13,,0.0677,0.005207692,,,,,,,,,,,,,,,,,,,,,,,,54
21/22,MS,FH6B,F6,Flockhill,A,B,N,35,,,16,,0.0808,0.00505,,,,,,,,,,,,,,,,,,,,,,,,58
21/22,MS,FH6C,F6,Flockhill,A,C,N,35,,,17,,0.0827,0.004864706,,,,,,,,,,,,,,,,,,,,,,,,76
21/22,MS,FH6D,F6,Flockhill,A,D,N,35,,,14,,0.0652,0.004657143,,,,,,,,,,,,,,,,,,,,,,,,68
21/22,MS,FH6E,F6,Flockhill,A,E,N,30,,,6,,0.0326,0.005433333,,,,,,,,,,,,,,,,,,,,,,,,35
21/22,MS,FH9A,F9,Flockhill,A,A,N,38,,,16,,0.0968,0.00605,,,,,,,,,,,,,,,,,,,,,,,,64
21/22,MS,FH9B,F9,Flockhill,A,B,N,31,,,5,,0.0277,0.00554,,,,,,,,,,,,,,,,,,,,,,,,54
21/22,MS,FH9C,F9,Flockhill,A,C,N,40,,,14,,0.0973,0.00695,,,,,,,,,,,,,,,,,,,,,,,,78
21/22,MS,FH9D,F9,Flockhill,A,D,N,35,,,12,,0.0636,0.0053,,,,,,,,,,,,,,,,,,,,,,,,49
21/22,MS,FH9E,F9,Flockhill,A,E,N,36,,,11,,0.0667,0.006063636,,,,,,,,,,,,,,,,,,,,,,,,69
21/22,MS,FH11A,F11,Flockhill,A,A,N,42,,,48,,0.1675,0.003489583,,,,,,,,,,,,,,,,,,,,,,,,30
21/22,MS,FH11B,F11,Flockhill,A,B,N,45,,,40,,0.1543,0.0038575,,,,,,,,,,,,,,,,,,,,,,,,34
21/22,MS,FH11C,F11,Flockhill,A,C,N,38,,,34,,0.1117,0.003285294,,,,,,,,,,,,,,,,,,,,,,,,31
21/22,MS,FH11D,F11,Flockhill,A,D,N,44,,,44,,0.1816,0.004127273,,,,,,,,,,,,,,,,,,,,,,,,46
21/22,MS,FH11E,F11,Flockhill,A,E,N,45,,,50,,0.1791,0.003582,,,,,,,,,,,,,,,,,,,,,,,,33
21/22,MS,FH12A,F12,Flockhill,A,A,N,40,,,36,,0.1639,0.004552778,,,,,,,,,,,,,,,,,,,,,,,,16
21/22,MS,FH12B,F12,Flockhill,A,B,N,46,,,69,,0.3915,0.005673913,,,,,,,,,,,,,,,,,,,,,,,,10
21/22,MS,FH12C,F12,Flockhill,A,C,N,48,,,74,,0.4004,0.005410811,,,,,,,,,,,,,,,,,,,,,,,,19
21/22,MS,FH12D,F12,Flockhill,A,D,N,41,,,43,,0.2242,0.005213953,,,,,,,,,,,,,,,,,,,,,,,,22
21/22,MS,FH12E,F12,Flockhill,A,E,N,42,,,57,,0.294,0.005157895,,,,,,,,,,,,,,,,,,,,,,,,24
21/22,MS,CH1A,C1,Castle Hill,B,A,N,53,,,37,,0.178,0.004810811,,,,,,,,,,,,,,,,,,,,,,,,66
21/22,MS,CH1B,C1,Castle Hill,B,B,N,49,,,33,,0.192,0.005818182,,,,,,,,,,,,,,,,,,,,,,,,39
21/22,MS,CH1C,C1,Castle Hill,B,C,N,43,,,32,,0.1224,0.003825,,,,,,,,,,,,,,,,,,,,,,,,39
21/22,MS,CH1D,C1,Castle Hill,B,D,N,48,,,25,,0.1126,0.004504,,,,,,,,,,,,,,,,,,,,,,,,43
21/22,MS,CH1E,C1,Castle Hill,B,E,N,40,,,11,,0.038,0.003454545,,,,,,,,,,,,,,,,,,,,,,,,22
21/22,MS,CH2A,C2,Castle Hill,B,A,N,43,,,21,,0.0812,0.003866667,,,,,,,,,,,,,,,,,,,,,,,,88
21/22,MS,CH2B,C2,Castle Hill,B,B,N,40,,,16,,0.056,0.0035,,,,,,,,,,,,,,,,,,,,,,,,75
21/22,MS,CH2C,C2,Castle Hill,B,C,N,42,,,13,,0.0574,0.004415385,,,,,,,,,,,,,,,,,,,,,,,,106
21/22,MS,CH2D,C2,Castle Hill,B,D,N,43,,,33,,0.1494,0.004527273,,,,,,,,,,,,,,,,,,,,,,,,51
21/22,MS,CH2E,C2,Castle Hill,B,E,N,44,,,22,,0.0835,0.003795455,,,,,,,,,,,,,,,,,,,,,,,,83
21/22,MS,CH3A,C3,Castle Hill,B,A,N,42,,,8,,0.0316,0.00395,,,,,,,,,,,,,,,,,,,,,,,,
21/22,MS,CH3B,C3,Castle Hill,B,B,N,42,,,5,,0.0219,0.00438,,,,,,,,,,,,,,,,,,,,,,,,
21/22,MS,CH3C,C3,Castle Hill,B,C,N,36,,,12,,0.0492,0.0041,,,,,,,,,,,,,,,,,,,,,,,,
21/22,MS,CH3D,C3,Castle Hill,B,D,N,40,,,3,,0.0071,0.002366667,,,,,,,,,,,,,,,,,,,,,,,,
21/22,MS,CH3E,C3,Castle Hill,B,E,N,38,,,5,,0.0223,0.00446,,,,,,,,,,,,,,,,,,,,,,,,
21/22,MS,CH4A,C4,Castle Hill,B,A,N,35,,,6,,0.0174,0.0029,,,,,,,,,,,,,,,,,,,,,,,,
21/22,MS,CH4B,C4,Castle Hill,B,B,N,39,,,6,,0.0241,0.004016667,,,,,,,,,,,,,,,,,,,,,,,,
21/22,MS,CH4C,C4,Castle Hill,B,C,N,42,,,3,,0.019,0.006333333,,,,,,,,,,,,,,,,,,,,,,,,
21/22,MS,CH4D,C4,Castle Hill,B,D,N,40,,,4,,0.0166,0.00415,,,,,,,,,,,,,,,,,,,,,,,,
21/22,MS,CH4E,C4,Castle Hill,B,E,N,43,,,4,,0.0265,0.006625,,,,,,,,,,,,,,,,,,,,,,,,
21/22,MS,CH5A,C5,Castle Hill,B,A,N,39,,,14,,0.0619,0.004421429,,,,,,,,,,,,,,,,,,,,,,,,
21/22,MS,CH5B,C5,Castle Hill,B,B,N,35,,,11,,0.0568,0.005163636,,,,,,,,,,,,,,,,,,,,,,,,
21/22,MS,CH5C,C5,Castle Hill,B,C,N,39,,,13,,0.063,0.004846154,,,,,,,,,,,,,,,,,,,,,,,,
21/22,MS,CH5D,C5,Castle Hill,B,D,N,36,,,15,,0.0744,0.00496,,,,,,,,,,,,,,,,,,,,,,,,
21/22,MS,CH5E,C5,Castle Hill,B,E,N,41,,,34,,0.1792,0.005270588,,,,,,,,,,,,,,,,,,,,,,,,24
21/22,MS,CH6A,C6,Castle Hill,B,A,N,42,,,14,,0.076,0.005428571,,,,,,,,,,,,,,,,,,,,,,,,32
21/22,MS,CH6B,C6,Castle Hill,B,B,N,41,,,53,,0.2017,0.00380566,,,,,,,,,,,,,,,,,,,,,,,,24
21/22,MS,CH6C,C6,Castle Hill,B,C,N,41,,,23,,0.1211,0.005265217,,,,,,,,,,,,,,,,,,,,,,,,32
21/22,MS,CH6D,C6,Castle Hill,B,D,N,42,,,17,,0.0857,0.005041176,,,,,,,,,,,,,,,,,,,,,,,,24
21/22,MS,CH6E,C6,Castle Hill,B,E,N,43,,,13,,0.0674,0.005184615,,,,,,,,,,,,,,,,,,,,,,,,57
21/22,MS,CH7A,C7,Castle Hill,B,A,N,44,,,8,,0.0645,0.0080625,,,,,,,,,,,,,,,,,,,,,,,,112
21/22,MS,CH7B,C7,Castle Hill,B,B,N,41,,,1,,0.0097,0.0097,,,,,,,,,,,,,,,,,,,,,,,,124
21/22,MS,CH7C,C7,Castle Hill,B,C,N,42,,,3,,0.0168,0.0056,,,,,,,,,,,,,,,,,,,,,,,,101
21/22,MS,CH7D,C7,Castle Hill,B,D,N,46,,,7,,0.0583,0.008328571,,,,,,,,,,,,,,,,,,,,,,,,125
21/22,MS,CH7E,C7,Castle Hill,B,E,N,41,,,4,,0.031,0.00775,,,,,,,,,,,,,,,,,,,,,,,,94
21/22,MS,CH8A,C8,Castle Hill,B,A,N,39,,,6,,0.0363,0.00605,,,,,,,,,,,,,,,,,,,,,,,,
21/22,MS,CH8B,C8,Castle Hill,B,B,N,40,,,7,,0.036,0.005142857,,,,,,,,,,,,,,,,,,,,,,,,
21/22,MS,CH8C,C8,Castle Hill,B,C,N,43,,,8,,0.0371,0.0046375,,,,,,,,,,,,,,,,,,,,,,,,
21/22,MS,CH8D,C8,Castle Hill,B,D,N,39,,,9,,0.047,0.005222222,,,,,,,,,,,,,,,,,,,,,,,,
21/22,MS,CH8E,C8,Castle Hill,B,E,N,43,,,12,,0.0653,0.005441667,,,,,,,,,,,,,,,,,,,,,,,,
21/22,JH,K1B,K1,Kawekas,A,B,N,48,,,101,,0.5097,0.005046535,,,,,,,,,,,,,,,,,,,,,,,,3
21/22,JH,K1D,K1,Kawekas,A,D,N,40,,,16,,0.0318,0.0019875,,,,,,,,,,,,,,,,,,,,,,,,
21/22,JH,K1E,K1,Kawekas,A,E,N,32,,,11,,0.026,0.002363636,,,,,,,,,,,,,,,,,,,,,,,,3
21/22,JH,K2A,K2,Kawekas,A,A,N,46,,,102,,0.6039,0.005920588,,,,,,,,,,,,,,,,,,,,,,,,9
21/22,JH,K2C,K2,Kawekas,A,C,N,47,,,91,,0.491,0.005395604,,,,,,,,,,,,,,,,,,,,,,,,5
21/22,JH,K2D,K2,Kawekas,A,D,N,42,,,104,,0.6118,0.005882692,,,,,,,,,,,,,,,,,,,,,,,,4
21/22,JH,K2E,K2,Kawekas,A,E,N,41,,,84,,0.3742,0.004454762,,,,,,,,,,,,,,,,,,,,,,,,4
21/22,JH,K5A,K5,Kawekas,A,A,N,39,,,62,,0.1869,0.003014516,,,,,,,,,,,,,,,,,,,,,,,,2
21/22,JH,K5B,K5,Kawekas,A,B,N,38,,,70,,0.2155,0.003078571,,,,,,,,,,,,,,,,,,,,,,,,3
21/22,JH,K5C,K5,Kawekas,A,C,N,44,,,85,,0.3304,0.003887059,,,,,,,,,,,,,,,,,,,,,,,,2
21/22,JH,K5D,K5,Kawekas,A,D,N,37,,,3,,0.0102,0.0034,,,,,,,,,,,,,,,,,,,,,,,,
21/22,JH,K5E,K5,Kawekas,A,E,N,39,,,19,,0.0499,0.002626316,,,,,,,,,,,,,,,,,,,,,,,,
21/22,JH,K6C,K6,Kawekas,A,C,N,51,,,93,,0.3125,0.003360215,,,,,,,,,,,,,,,,,,,,,,,,2
21/22,JH,K6D,K6,Kawekas,A,D,N,43,,,115,,0.4481,0.003896522,,,,,,,,,,,,,,,,,,,,,,,,5
21/22,JH,K6E,K6,Kawekas,A,E,N,45,,,109,,0.5003,0.004589908,,,,,,,,,,,,,,,,,,,,,,,,4
21/22,JH,K8B,K8,Kawekas,A,B,N,45,,,85,,0.3572,0.004202353,,,,,,,,,,,,,,,,,,,,,,,,2
21/22,JH,K8C,K8,Kawekas,A,C,N,45,,,95,,0.3802,0.004002105,,,,,,,,,,,,,,,,,,,,,,,,2
21/22,JH,K8D,K8,Kawekas,A,D,N,48,,,85,,0.3871,0.004554118,,,,,,,,,,,,,,,,,,,,,,,,7
21/22,JH,K8E,K8,Kawekas,A,E,N,50,,,2,,0.0105,0.00525,,,,,,,,,,,,,,,,,,,,,,,,
21/22,JH,K9A,K9,Kawekas,A,A,N,43,,,57,,0.19,0.003333333,,,,,,,,,,,,,,,,,,,,,,,,18
21/22,JH,K9B,K9,Kawekas,A,B,N,44,,,47,,0.1851,0.003938298,,,,,,,,,,,,,,,,,,,,,,,,32
21/22,JH,K9D,K9,Kawekas,A,D,N,36,,,1,,0.0036,0.0036,,,,,,,,,,,,,,,,,,,,,,,,1
21/22,JH,K9E,K9,Kawekas,A,E,N,44,,,44,,0.1561,0.003547727,,,,,,,,,,,,,,,,,,,,,,,,35
21/22,JH,K10A,K10,Kawekas,A,A,N,55,,,99,,0.5183,0.005235354,,,,,,,,,,,,,,,,,,,,,,,,18
21/22,JH,K10B,K10,Kawekas,A,B,N,43,,,78,,0.3311,0.004244872,,,,,,,,,,,,,,,,,,,,,,,,10
21/22,JH,K10C,K10,Kawekas,A,C,N,47,,,100,,0.3902,0.003902,,,,,,,,,,,,,,,,,,,,,,,,12
21/22,JH,K10D,K10,Kawekas,A,D,N,49,,,21,,0.0822,0.003914286,,,,,,,,,,,,,,,,,,,,,,,,2
21/22,JH,K10E,K10,Kawekas,A,E,N,34,,,55,,0.2265,0.004118182,,,,,,,,,,,,,,,,,,,,,,,,3
21/22,JH,K11A,K11,Kawekas,B,A,N,38,,,102,,0.2855,0.00279902,,,,,,,,,,,,,,,,,,,,,,,,11
21/22,JH,K11B,K11,Kawekas,B,B,N,35,,,85,,0.2381,0.002801176,,,,,,,,,,,,,,,,,,,,,,,,10
21/22,JH,K11C,K11,Kawekas,B,C,N,38,,,2,,0.0031,0.00155,,,,,,,,,,,,,,,,,,,,,,,,
21/22,JH,K11D,K11,Kawekas,B,D,N,38,,,92,,0.275,0.00298913,,,,,,,,,,,,,,,,,,,,,,,,7
21/22,JH,K11E,K11,Kawekas,B,E,N,34,,,88,,0.2258,0.002565909,,,,,,,,,,,,,,,,,,,,,,,,7
21/22,JH,K12A,K12,Kawekas,B,A,N,31,,,80,,0.2681,0.00335125,,,,,,,,,,,,,,,,,,,,,,,,2
21/22,JH,K12B,K12,Kawekas,B,B,N,35,,,75,,0.2785,0.003713333,,,,,,,,,,,,,,,,,,,,,,,,2
21/22,JH,K12C,K12,Kawekas,B,C,N,39,,,104,,0.4556,0.004380769,,,,,,,,,,,,,,,,,,,,,,,,3
21/22,JH,K12E,K12,Kawekas,B,E,N,36,,,105,,0.3817,0.003635238,,,,,,,,,,,,,,,,,,,,,,,,2
21/22,JH,K13A,K13,Kawekas,B,A,N,38,,,30,,0.1541,0.005136667,,,,,,,,,,,,,,,,,,,,,,,,40
21/22,JH,K13B,K13,Kawekas,B,B,N,45,,,67,,0.299,0.004462687,,,,,,,,,,,,,,,,,,,,,,,,35
21/22,JH,K13C,K13,Kawekas,B,C,N,45,,,41,,0.2662,0.006492683,,,,,,,,,,,,,,,,,,,,,,,,47
21/22,JH,K13D,K13,Kawekas,B,D,N,43,,,55,,0.2271,0.004129091,,,,,,,,,,,,,,,,,,,,,,,,42
21/22,JH,K13E,K13,Kawekas,B,E,N,45,,,50,,0.2628,0.005256,,,,,,,,,,,,,,,,,,,,,,,,58
21/22,JH,K14A,K14,Kawekas,B,A,N,46,,,20,,0.0991,0.004955,,,,,,,,,,,,,,,,,,,,,,,,2
21/22,JH,K14B,K14,Kawekas,B,B,N,38,,,87,,0.4235,0.004867816,,,,,,,,,,,,,,,,,,,,,,,,2
21/22,JH,K14C,K14,Kawekas,B,C,N,42,,,94,,0.3945,0.004196809,,,,,,,,,,,,,,,,,,,,,,,,5
21/22,JH,K14E,K14,Kawekas,B,E,N,44,,,64,,0.3033,0.004739063,,,,,,,,,,,,,,,,,,,,,,,,14
21/22,JH,K15A,K15,Kawekas,B,A,N,61,,,106,,0.5927,0.005591509,,,,,,,,,,,,,,,,,,,,,,,,21
21/22,JH,K15B,K15,Kawekas,B,B,N,55,,,99,,0.5705,0.005762626,,,,,,,,,,,,,,,,,,,,,,,,7
21/22,JH,K15C,K15,Kawekas,B,C,N,50,,,94,,0.389,0.004138298,,,,,,,,,,,,,,,,,,,,,,,,6
21/22,JH,K15D,K15,Kawekas,B,D,N,52,,,98,,0.5067,0.005170408,,,,,,,,,,,,,,,,,,,,,,,,4
21/22,JH,K15E,K15,Kawekas,B,E,N,55,,,108,,0.6097,0.00564537,,,,,,,,,,,,,,,,,,,,,,,,9
21/22,JH,K17A,K17,Kawekas,B,A,N,57,,,132,,0.6683,0.005062879,,,,,,,,,,,,,,,,,,,,,,,,13
21/22,JH,K17B,K17,Kawekas,B,B,N,56,,,109,,0.4614,0.004233028,,,,,,,,,,,,,,,,,,,,,,,,7
21/22,JH,K17C,K17,Kawekas,B,C,N,44,,,65,,0.2539,0.003906154,,,,,,,,,,,,,,,,,,,,,,,,3
21/22,JH,K17D,K17,Kawekas,B,D,N,45,,,74,,0.3732,0.005043243,,,,,,,,,,,,,,,,,,,,,,,,17
21/22,JH,K17E,K17,Kawekas,B,E,N,51,,,100,,0.4026,0.004026,,,,,,,,,,,,,,,,,,,,,,,,10
21/22,JH,K18A,K18,Kawekas,B,A,N,45,,,100,,0.4515,0.004515,,,,,,,,,,,,,,,,,,,,,,,,18
21/22,JH,K18B,K18,Kawekas,B,B,N,42,,,88,,0.4851,0.0055125,,,,,,,,,,,,,,,,,,,,,,,,17
21/22,JH,K18C,K18,Kawekas,B,C,N,46,,,93,,0.4563,0.004906452,,,,,,,,,,,,,,,,,,,,,,,,12
21/22,JH,K18D,K18,Kawekas,B,D,N,45,,,104,,0.4335,0.004168269,,,,,,,,,,,,,,,,,,,,,,,,9
21/22,JH,K18E,K18,Kawekas,B,E,N,42,,,83,,0.3802,0.004580723,,,,,,,,,,,,,,,,,,,,,,,,16
21/22,JH,K19A,K19,Kawekas,B,A,N,49,,,107,,0.4629,0.004326168,,,,,,,,,,,,,,,,,,,,,,,,6
21/22,JH,K19B,K19,Kawekas,B,B,N,51,,,103,,0.488,0.004737864,,,,,,,,,,,,,,,,,,,,,,,,34
21/22,JH,K19C,K19,Kawekas,B,C,N,47,,,90,,0.3948,0.004386667,,,,,,,,,,,,,,,,,,,,,,,,17
21/22,JH,K19D,K19,Kawekas,B,D,N,46,,,99,,0.2551,0.002576768,,,,,,,,,,,,,,,,,,,,,,,,14
21/22,JH,K19E,K19,Kawekas,B,E,N,46,,,87,,0.4231,0.004863218,,,,,,,,,,,,,,,,,,,,,,,,27
21/22,JH,K20A,K20,Kawekas,B,A,N,51,,,80,,0.2792,0.00349,,,,,,,,,,,,,,,,,,,,,,,,5
21/22,JH,K20B,K20,Kawekas,B,B,N,47,,,59,,0.2191,0.003713559,,,,,,,,,,,,,,,,,,,,,,,,5
21/22,JH,K20D,K20,Kawekas,B,D,N,50,,,80,,0.369,0.0046125,,,,,,,,,,,,,,,,,,,,,,,,13
21/22,JH,K20E,K20,Kawekas,B,E,N,41,,,79,,0.2522,0.003192405,,,,,,,,,,,,,,,,,,,,,,,,4
21/22,MS,H1A,H1,Hanmer,A,A,N,45,,,65,,0.7373,0.011343077,,,,,,,,,,,,,,,,,,,,,,,,
21/22,MS,H1B,H1,Hanmer,A,B,N,45,,,81,,0.3387,0.004181481,,,,,,,,,,,,,,,,,,,,,,,,
21/22,MS,H1C,H1,Hanmer,A,C,N,37,,,47,,0.0978,0.002080851,,,,,,,,,,,,,,,,,,,,,,,,
21/22,MS,H1D,H1,Hanmer,A,D,N,45,,,82,,0.3074,0.00374878,,,,,,,,,,,,,,,,,,,,,,,,
21/22,MS,H1E,H1,Hanmer,A,E,N,47,,,56,,0.1791,0.003198214,,,,,,,,,,,,,,,,,,,,,,,,
21/22,MS,H2A,H2,Hanmer,A,A,N,43,,,57,,0.288,0.005052632,,,,,,,,,,,,,,,,,,,,,,,,
21/22,MS,H2B,H2,Hanmer,A,B,N,43,,,55,,0.2457,0.004467273,,,,,,,,,,,,,,,,,,,,,,,,
21/22,MS,H2C,H2,Hanmer,A,C,N,41,,,27,,0.3216,0.011911111,,,,,,,,,,,,,,,,,,,,,,,,>50
21/22,MS,H2D,H2,Hanmer,A,D,N,38,,,57,,0.2631,0.004615789,,,,,,,,,,,,,,,,,,,,,,,,16
21/22,MS,H2E,H2,Hanmer,A,E,N,36,,,23,,0.1021,0.00443913,,,,,,,,,,,,,,,,,,,,,,,,50
21/22,MS,H3A,H3,Hanmer,A,A,N,36,,,44,,0.1752,0.003981818,,,,,,,,,,,,,,,,,,,,,,,,7
21/22,MS,H3B,H3,Hanmer,A,B,N,36,,,43,,0.1187,0.002760465,,,,,,,,,,,,,,,,,,,,,,,,8
21/22,MS,H3C,H3,Hanmer,A,C,N,38,,,53,,0.1758,0.003316981,,,,,,,,,,,,,,,,,,,,,,,,6
21/22,MS,H3D,H3,Hanmer,A,D,N,35,,,54,,0.2383,0.004412963,,,,,,,,,,,,,,,,,,,,,,,,4
21/22,MS,H3E,H3,Hanmer,A,E,N,39,,,62,,0.1796,0.002896774,,,,,,,,,,,,,,,,,,,,,,,,9
21/22,MS,H4A,H4,Hanmer,A,A,N,46,,,137,,0.6094,0.004448175,,,,,,,,,,,,,,,,,,,,,,,,50
21/22,MS,H4B,H4,Hanmer,A,B,N,43,,,95,,0.3922,0.004128421,,,,,,,,,,,,,,,,,,,,,,,,5
21/22,MS,H4C,H4,Hanmer,A,C,N,41,,,100,,0.4249,0.004249,,,,,,,,,,,,,,,,,,,,,,,,35
21/22,MS,H4D,H4,Hanmer,A,D,N,46,,,125,,0.5414,0.0043312,,,,,,,,,,,,,,,,,,,,,,,,50
21/22,MS,H4E,H4,Hanmer,A,E,N,43,,,120,,0.4498,0.003748333,,,,,,,,,,,,,,,,,,,,,,,,34
21/22,MS,H5A,H5,Hanmer,A,A,N,54,,,82,,0.5264,0.006419512,,,,,,,,,,,,,,,,,,,,,,,,
21/22,MS,H5B,H5,Hanmer,A,B,N,49,,,84,,0.4214,0.005016667,,,,,,,,,,,,,,,,,,,,,,,,
21/22,MS,H5C,H5,Hanmer,A,C,N,55,,,113,,0.5951,0.005266372,,,,,,,,,,,,,,,,,,,,,,,,
21/22,MS,H5D,H5,Hanmer,A,D,N,51,,,46,,0.4478,0.009734783,,,,,,,,,,,,,,,,,,,,,,,,
21/22,MS,H5E,H5,Hanmer,A,E,N,46,,,80,,0.414,0.005175,,,,,,,,,,,,,,,,,,,,,,,,
21/22,MS,H6A,H6,Hanmer,A,A,N,42,,,60,,0.3039,0.005065,,,,,,,,,,,,,,,,,,,,,,,,
21/22,MS,H6B,H6,Hanmer,A,B,N,45,,,82,,0.4239,0.005169512,,,,,,,,,,,,,,,,,,,,,,,,
21/22,MS,H6C,H6,Hanmer,A,C,N,42,,,63,,0.3234,0.005133333,,,,,,,,,,,,,,,,,,,,,,,,
21/22,MS,H6D,H6,Hanmer,A,D,N,39,,,65,,0.3519,0.005413846,,,,,,,,,,,,,,,,,,,,,,,,
21/22,MS,H6E,H6,Hanmer,A,E,N,41,,,62,,0.3076,0.00496129,,,,,,,,,,,,,,,,,,,,,,,,
21/22,MS,H7A,H7,Hanmer,A,A,N,42,,,51,,0.2563,0.00502549,,,,,,,,,,,,,,,,,,,,,,,,50
21/22,MS,H7B,H7,Hanmer,A,B,N,44,,,43,,0.1626,0.003781395,,,,,,,,,,,,,,,,,,,,,,,,48
21/22,MS,H7C,H7,Hanmer,A,C,N,37,,,33,,0.1825,0.005530303,,,,,,,,,,,,,,,,,,,,,,,,46
21/22,MS,H7D,H7,Hanmer,A,D,N,35,,,34,,0.1687,0.004961765,,,,,,,,,,,,,,,,,,,,,,,,41
21/22,MS,H7E,H7,Hanmer,A,E,N,41,,,52,,0.2357,0.004532692,,,,,,,,,,,,,,,,,,,,,,,,52
21/22,MS,H8A,H8,Hanmer,A,A,N,39,,,65,,0.2757,0.004241538,,,,,,,,,,,,,,,,,,,,,,,,
21/22,MS,H8B,H8,Hanmer,A,B,N,36,,,55,,0.1782,0.00324,,,,,,,,,,,,,,,,,,,,,,,,
21/22,MS,H8C,H8,Hanmer,A,C,N,36,,,56,,0.2206,0.003939286,,,,,,,,,,,,,,,,,,,,,,,,
21/22,MS,H8D,H8,Hanmer,A,D,N,31,,,33,,0.1296,0.003927273,,,,,,,,,,,,,,,,,,,,,,,,
21/22,MS,H8E,H8,Hanmer,A,E,N,36,,,57,,0.1921,0.003370175,,,,,,,,,,,,,,,,,,,,,,,,
21/22,MS,H9A,H9,Hanmer,A,A,N,40,,,71,,0.3505,0.00493662,,,,,,,,,,,,,,,,,,,,,,,,
21/22,MS,H9B,H9,Hanmer,A,B,N,37,,,62,,0.3335,0.005379032,,,,,,,,,,,,,,,,,,,,,,,,8
21/22,MS,H9C,H9,Hanmer,A,C,N,37,,,62,,0.2986,0.004816129,,,,,,,,,,,,,,,,,,,,,,,,2
21/22,MS,H9D,H9,Hanmer,A,D,N,43,,,74,,0.3483,0.004706757,,,,,,,,,,,,,,,,,,,,,,,,3
21/22,MS,H9E,H9,Hanmer,A,E,N,40,,,77,,0.3496,0.00454026,,,,,,,,,,,,,,,,,,,,,,,,7
21/22,MS,H10A,H10,Hanmer,A,A,N,42,,,99,,0.3846,0.003884848,,,,,,,,,,,,,,,,,,,,,,,,
21/22,MS,H10B,H10,Hanmer,A,B,N,38,,,96,,0.2737,0.002851042,,,,,,,,,,,,,,,,,,,,,,,,
21/22,MS,H10C,H10,Hanmer,A,C,N,45,,,122,,0.4369,0.003581148,,,,,,,,,,,,,,,,,,,,,,,,
21/22,MS,H10D,H10,Hanmer,A,D,N,47,,,119,,0.4959,0.004167227,,,,,,,,,,,,,,,,,,,,,,,,
21/22,MS,H10E,H10,Hanmer,A,E,N,31,,,58,,0.1797,0.003098276,,,,,,,,,,,,,,,,,,,,,,,,
21/22,MS,H11A,H11,Hanmer,B,A,N,45,,,80,,0.2451,0.00306375,,,,,,,,,,,,,,,,,,,,,,,,
21/22,MS,H11B,H11,Hanmer,B,B,N,45,,,76,,0.2756,0.003626316,,,,,,,,,,,,,,,,,,,,,,,,14
21/22,MS,H11C,H11,Hanmer,B,C,N,36,,,56,,0.1947,0.003476786,,,,,,,,,,,,,,,,,,,,,,,,2
21/22,MS,H11D,H11,Hanmer,B,D,N,37,,,77,,0.2643,0.003432468,,,,,,,,,,,,,,,,,,,,,,,,3
21/22,MS,H11E,H11,Hanmer,B,E,N,36,,,60,,0.1867,0.003111667,,,,,,,,,,,,,,,,,,,,,,,,
21/22,MS,H12A,H12,Hanmer,B,A,N,29,,,44,,0.1484,0.003372727,,,,,,,,,,,,,,,,,,,,,,,,
21/22,MS,H12B,H12,Hanmer,B,B,N,33,,,54,,0.2086,0.003862963,,,,,,,,,,,,,,,,,,,,,,,,2
21/22,MS,H12C,H12,Hanmer,B,C,N,32,,,54,,0.1837,0.003401852,,,,,,,,,,,,,,,,,,,,,,,,
21/22,MS,H12D,H12,Hanmer,B,D,N,31,,,51,,0.1897,0.003719608,,,,,,,,,,,,,,,,,,,,,,,,4
21/22,MS,H12E,H12,Hanmer,B,E,N,30,,,48,,0.1701,0.00354375,,,,,,,,,,,,,,,,,,,,,,,,4
21/22,MS,H13A,H13,Hanmer,B,A,N,36,,,104,,0.3856,0.003707692,,,,,,,,,,,,,,,,,,,,,,,,9
21/22,MS,H13B,H13,Hanmer,B,B,N,34,,,75,,0.3299,0.004398667,,,,,,,,,,,,,,,,,,,,,,,,19
21/22,MS,H13C,H13,Hanmer,B,C,N,34,,,88,,0.3396,0.003859091,,,,,,,,,,,,,,,,,,,,,,,,10
21/22,MS,H13D,H13,Hanmer,B,D,N,31,,,73,,0.2786,0.003816438,,,,,,,,,,,,,,,,,,,,,,,,13
21/22,MS,H13E,H13,Hanmer,B,E,N,32,,,77,,0.2946,0.003825974,,,,,,,,,,,,,,,,,,,,,,,,17
21/22,MS,H14A,H14,Hanmer,B,A,N,37,,,74,,0.2818,0.003808108,,,,,,,,,,,,,,,,,,,,,,,,1
21/22,MS,H14B,H14,Hanmer,B,B,N,38,,,73,,0.2835,0.003883562,,,,,,,,,,,,,,,,,,,,,,,,4
21/22,MS,H14C,H14,Hanmer,B,C,N,39,,,74,,0.2873,0.003882432,,,,,,,,,,,,,,,,,,,,,,,,7
21/22,MS,H14D,H14,Hanmer,B,D,N,36,,,59,,0.2447,0.004147458,,,,,,,,,,,,,,,,,,,,,,,,1
21/22,MS,H14E,H14,Hanmer,B,E,N,39,,,82,,0.3205,0.003908537,,,,,,,,,,,,,,,,,,,,,,,,4
21/22,MS,H15A,H15,Hanmer,B,A,N,42,,,67,,0.2097,0.003129851,,,,,,,,,,,,,,,,,,,,,,,,6
21/22,MS,H15B,H15,Hanmer,B,B,N,41,,,85,,0.2147,0.002525882,,,,,,,,,,,,,,,,,,,,,,,,5
21/22,MS,H15D,H15,Hanmer,B,D,N,47,,,52,,0.1558,0.002996154,,,,,,,,,,,,,,,,,,,,,,,,
21/22,MS,H15E,H15,Hanmer,B,E,N,43,,,44,,0.2581,0.005865909,,,,,,,,,,,,,,,,,,,,,,,,
21/22,MS,H16A,H16,Hanmer,B,A,N,40,,,54,,0.2603,0.00482037,,,,,,,,,,,,,,,,,,,,,,,,7
21/22,MS,H16B,H16,Hanmer,B,B,N,37,,,54,,0.2577,0.004772222,,,,,,,,,,,,,,,,,,,,,,,,10
21/22,MS,H16D,H16,Hanmer,B,D,N,44,,,47,,0.3008,0.0064,,,,,,,,,,,,,,,,,,,,,,,,
21/22,MS,H17A,H17,Hanmer,B,A,N,40,,,103,,0.4006,0.00388932,,,,,,,,,,,,,,,,,,,,,,,,9
21/22,MS,H17B,H17,Hanmer,B,B,N,38,,,116,,0.4282,0.003691379,,,,,,,,,,,,,,,,,,,,,,,,3
21/22,MS,H17C,H17,Hanmer,B,C,N,40,,,110,,0.4182,0.003801818,,,,,,,,,,,,,,,,,,,,,,,,5
21/22,MS,H17D,H17,Hanmer,B,D,N,39,,,91,,0.3819,0.004196703,,,,,,,,,,,,,,,,,,,,,,,,10
21/22,MS,H17E,H17,Hanmer,B,E,N,32,,,72,,0.2529,0.0035125,,,,,,,,,,,,,,,,,,,,,,,,8
21/22,MS,H18C,H18,Hanmer,B,C,N,31,,,58,,0.2117,0.00365,,,,,,,,,,,,,,,,,,,,,,,,
21/22,MS,H18D,H18,Hanmer,B,D,N,35,,,74,,0.3032,0.004097297,,,,,,,,,,,,,,,,,,,,,,,,4
21/22,MS,H18E,H18,Hanmer,B,E,N,28,,,60,,0.2145,0.003575,,,,,,,,,,,,,,,,,,,,,,,,7
21/22,MS,H19A,H19,Hanmer,B,A,N,30,,,43,,0.1653,0.003844186,,,,,,,,,,,,,,,,,,,,,,,,13
21/22,MS,H19B,H19,Hanmer,B,B,N,27,,,51,,0.1941,0.003805882,,,,,,,,,,,,,,,,,,,,,,,,4
21/22,MS,H19C,H19,Hanmer,B,C,N,28,,,42,,0.2095,0.004988095,,,,,,,,,,,,,,,,,,,,,,,,12
21/22,MS,H19D,H19,Hanmer,B,D,N,30,,,49,,0.2479,0.005059184,,,,,,,,,,,,,,,,,,,,,,,,3
21/22,MS,H19E,H19,Hanmer,B,E,N,31,,,74,,0.2754,0.003721622,,,,,,,,,,,,,,,,,,,,,,,,5
21/22,MS,H20A,H20,Hanmer,B,A,N,37,,,85,,0.4629,0.005445882,,,,,,,,,,,,,,,,,,,,,,,,6
21/22,MS,H20B,H20,Hanmer,B,B,N,33,,,61,,0.3205,0.005254098,,,,,,,,,,,,,,,,,,,,,,,,2
21/22,MS,H20C,H20,Hanmer,B,C,N,32,,,49,,0.1283,0.002618367,,,,,,,,,,,,,,,,,,,,,,,,5
21/22,MS,H20D,H20,Hanmer,B,D,N,34,,,53,,0.0135,0.000254717,,,,,,,,,,,,,,,,,,,,,,,,10
21/22,MS,H20E,H20,Hanmer,B,E,N,38,,,70,,0.1414,0.00202,,,,,,,,,,,,,,,,,,,,,,,,1
21/22,MS,H21A,H21,Hanmer,B,A,N,49,,,53,,0.168,0.003169811,,,,,,,,,,,,,,,,,,,,,,,,11
21/22,MS,H21B,H21,Hanmer,B,B,N,45,,,98,,0.041,0.000418367,,,,,,,,,,,,,,,,,,,,,,,,4
21/22,MS,H21C,H21,Hanmer,B,C,N,36,,,96,,0.1336,0.001391667,,,,,,,,,,,,,,,,,,,,,,,,1
21/22,MS,H21D,H21,Hanmer,B,D,N,43,,,65,,0.1761,0.002709231,,,,,,,,,,,,,,,,,,,,,,,,3
21/22,MS,H21E,H21,Hanmer,B,E,N,37,,,93,,0.2518,0.002707527,,,,,,,,,,,,,,,,,,,,,,,,8
21/22,MS,H22A,H22,Hanmer,B,A,N,37,,,91,,0.1539,0.001691209,,,,,,,,,,,,,,,,,,,,,,,,
21/22,MS,H22B,H22,Hanmer,B,B,N,37,,,85,,0.2371,0.002789412,,,,,,,,,,,,,,,,,,,,,,,,7
21/22,MS,H22C,H22,Hanmer,B,C,N,37,,,89,,0.1576,0.001770787,,,,,,,,,,,,,,,,,,,,,,,,4
21/22,MS,H22D,H22,Hanmer,B,D,N,34,,,79,,0.3265,0.004132911,,,,,,,,,,,,,,,,,,,,,,,,9
21/22,MS,H22E,H22,Hanmer,B,E,N,31,,,60,,0.1808,0.003013333,,,,,,,,,,,,,,,,,,,,,,,,3
21/22,MS,H23A,H23,Hanmer,B,A,N,42,,,94,,0.2848,0.003029787,,,,,,,,,,,,,,,,,,,,,,,,
21/22,MS,H23B,H23,Hanmer,B,B,N,42,,,101,,0.1545,0.001529703,,,,,,,,,,,,,,,,,,,,,,,,12
21/22,MS,H23C,H23,Hanmer,B,C,N,40,,,101,,0.2319,0.00229604,,,,,,,,,,,,,,,,,,,,,,,,8
21/22,MS,H23D,H23,Hanmer,B,D,N,36,,,85,,0.2018,0.002374118,,,,,,,,,,,,,,,,,,,,,,,,9
21/22,MS,H23E,H23,Hanmer,B,E,N,43,,,87,,,,,,,,,,,,,,,,,,,,,,,,,,,6
21/22,MS,H24A,H24,Hanmer,C,A,N,36,,,68,,,,,,,,,,,,,,,,,,,,,,,,,,,11
21/22,MS,H24B,H24,Hanmer,C,B,N,34,,,63,,,,,,,,,,,,,,,,,,,,,,,,,,,5
21/22,MS,H24C,H24,Hanmer,C,C,N,34,,,60,,,,,,,,,,,,,,,,,,,,,,,,,,,4
21/22,MS,H24D,H24,Hanmer,C,D,N,32,,,49,,,,,,,,,,,,,,,,,,,,,,,,,,,7
21/22,MS,H24E,H24,Hanmer,C,E,N,30,,,62,,,,,,,,,,,,,,,,,,,,,,,,,,,5
21/22,MS,H25A,H25,Hanmer,C,A,N,35,,,80,,,,,,,,,,,,,,,,,,,,,,,,,,,4
21/22,MS,H25B,H25,Hanmer,C,B,N,43,,,88,,,,,,,,,,,,,,,,,,,,,,,,,,,11
21/22,MS,H25C,H25,Hanmer,C,C,N,36,,,72,,,,,,,,,,,,,,,,,,,,,,,,,,,6
21/22,MS,H25D,H25,Hanmer,C,D,N,33,,,67,,,,,,,,,,,,,,,,,,,,,,,,,,,3
21/22,MS,H25E,H25,Hanmer,C,E,N,41,,,89,,,,,,,,,,,,,,,,,,,,,,,,,,,5
21/22,MS,H26A,H26,Hanmer,C,A,N,45,,,111,,,,,,,,,,,,,,,,,,,,,,,,,,,
21/22,MS,H26B,H26,Hanmer,C,B,N,41,,,87,,,,,,,,,,,,,,,,,,,,,,,,,,,
21/22,MS,H26C,H26,Hanmer,C,C,N,41,,,83,,,,,,,,,,,,,,,,,,,,,,,,,,,7
21/22,MS,H26D,H26,Hanmer,C,D,N,36,,,80,,,,,,,,,,,,,,,,,,,,,,,,,,,4
21/22,MS,H26E,H26,Hanmer,C,E,N,36,,,80,,,,,,,,,,,,,,,,,,,,,,,,,,,4
21/22,MS,H27A,H27,Hanmer,C,A,N,45,,,115,,,,,,,,,,,,,,,,,,,,,,,,,,,7
21/22,MS,H27B,H27,Hanmer,C,B,N,41,,,84,,,,,,,,,,,,,,,,,,,,,,,,,,,9
21/22,MS,H27C,H27,Hanmer,C,C,N,37,,,65,,,,,,,,,,,,,,,,,,,,,,,,,,,11
21/22,MS,H27D,H27,Hanmer,C,D,N,36,,,67,,,,,,,,,,,,,,,,,,,,,,,,,,,18
21/22,MS,H27E,H27,Hanmer,C,E,N,37,,,77,,,,,,,,,,,,,,,,,,,,,,,,,,,14
21/22,MS,H28A,H28,Hanmer,C,A,N,37,,,77,,,,,,,,,,,,,,,,,,,,,,,,,,,
21/22,MS,H28B,H28,Hanmer,C,B,N,37,,,74,,,,,,,,,,,,,,,,,,,,,,,,,,,2
21/22,MS,H28C,H28,Hanmer,C,C,N,36,,,71,,,,,,,,,,,,,,,,,,,,,,,,,,,2
21/22,MS,H28D,H28,Hanmer,C,D,N,38,,,72,,,,,,,,,,,,,,,,,,,,,,,,,,,4
21/22,MS,H28E,H28,Hanmer,C,E,N,34,,,60,,,,,,,,,,,,,,,,,,,,,,,,,,,6
22/23,TC,HS1_1,HS1,Hanmer,C,1,Y,39.9,23.7,22,26,7,0.1283,0.004934615,0.0053,0.0048,0.0049,0.0057,0.0053,0.0057,0.0048,0.005,0.0037,0.0047,,,,,,,,,,,,,,
22/23,TC,HS2_2,HS2,Hanmer,C,2,Y,34.7,20.9,20.9,3,13,0.0135,0.0045,0.0056,0.0053,0.0012,,,,,,,,,,,,,,,,,,,,,
22/23,TC,HS3_3,HS3,Hanmer,C,3,Y,35.9,20.3,21.7,33,13,0.1414,0.004284848,0.005,0.0046,0.0049,0.0051,0.0046,0.0043,0.005,0.004,0.005,0.0019,,,,,,,,,,,,,,
22/23,TC,HS4_4,HS4,Hanmer,C,4,Y,26,21,21,47,10,0.168,0.003574468,0.0038,0.0036,0.0028,0.0032,0.0031,0.001,0.0036,0.0034,0.0031,0.0028,,,,,,,,,,,,,,
22/23,TC,PS5_5,PS5,Pukaki,B,5,Y,,,,13,5,0.041,0.003153846,0.0031,0.0037,0.0041,0.004,0.003,0.0031,0.0037,0.0043,0.0031,0.0006,,,,,,,,,,,,,,
22/23,TC,PS6_6,PS6,Pukaki,B,6,Y,34,17,16,23,11,0.1336,0.005808696,0.0055,0.0048,0.0051,0.0053,0.0056,0.0065,0.0061,0.0055,0.0057,0.0058,,,,,,,,,,,,,,
22/23,TC,MS7_7,MS7,Mid-Dome,B,7,Y,51,25,23,30,41,0.1761,0.00587,0.0023,0.0062,0.0062,0.0052,0.0056,0.0059,0.0056,0.0054,0.0059,0.006,,,,,,,,,,,,,,
22/23,TC,MS8_8,MS8,Mid-Dome,B,8,Y,60,25,24,35,65,0.2518,0.007194286,0.007,0.0065,0.0072,0.007,0.006,0.0062,0.0054,0.0081,0.0082,0.0074,,,,,,,,,,,,,,
22/23,TC,MS9_9,MS9,Mid-Dome,B,9,Y,52,25,26,35,42,0.1539,0.004397143,0.006,0.0045,0.0037,0.0045,0.0015,0.0043,0.0043,0.0014,0.0048,0.002,,,,,,,,,,,,,,
22/23,TC,MS10_10,MS10,Mid-Dome,B,10,Y,56,26,24,38,38,0.2371,0.006239474,0.007,0.0023,0.0065,0.0072,0.0063,0.0072,0.0066,0.0069,0.0058,0.0023,,,,,,,,,,,,,,
22/23,TC,MS11_11,MS11,Mid-Dome,B,11,Y,47,26,25,26,45,0.1576,0.006061538,0.0065,0.006,0.0056,0.0021,0.005,0.0061,0.0066,0.0051,0.0055,0.0061,,,,,,,,,,,,,,
22/23,TC,MS12_12,MS12,Mid-Dome,B,12,Y,62,25,24,52,51,0.3265,0.006278846,0.0067,0.0074,0.0063,0.0068,0.0069,0.005,0.0048,0.0067,0.0057,0.0059,,,,,,,,,,,,,,
22/23,TC,MS13_13,MS13,Mid-Dome,B,13,Y,50,24,25,34,30,0.1808,0.005317647,0.0059,0.0058,0.005,0.0052,0.002,0.007,0.0016,0.0022,0.0013,0.0059,,,,,,,,,,,,,,
22/23,TC,MS14_14,MS14,Mid-Dome,B,14,Y,56,25,26,46,37,0.2848,0.006191304,0.0065,0.0047,0.0018,0.0051,0.0056,0.0057,0.0064,0.0018,0.0043,0.0011,,,,,,,,,,,,,,
22/23,TC,MS15_15,MS15,Mid-Dome,B,15,Y,53,24,24,24,45,0.1545,0.0064375,0.0063,0.0052,0.0058,0.0057,0.0059,0.0051,0.0015,0.0041,0.0054,0.0046,,,,,,,,,,,,,,
22/23,TC,MS16_16,MS16,Mid-Dome,B,16,Y,56,25,24,43,40,0.2319,0.005393023,0.0062,0.003,0.0049,0.0049,0.0006,0.0041,0.0052,0.0053,0.0049,0.0048,,,,,,,,,,,,,,
22/23,TC,FS17_17,FS17,Flockhill,A,17,Y,45,21,23,56,9,0.2018,0.003603571,0.0026,0.0023,0.0033,0.0015,0.0017,0.0024,0.0024,0.0027,0.0021,0.0021,,,,,,,,,,,,,,
22/23,TC,SS_43,SS,Stronvar,A,43,Y,50,32,28,98,14,0.267,0.00272449,,,,,,,,,,,,,,,,,,,,,,,,
22/23,TC,SS_44,SS,Stronvar,A,44,Y,47,37,31,76,18,0.265,0.003486842,,,,,,,,,,,,,,,,,,,,,,,,
22/23,TC,SS_45,SS,Stronvar,A,45,Y,46,30,25,57,9,0.117,0.002052632,,,,,,,,,,,,,,,,,,,,,,,,
22/23,TC,SS_46,SS,Stronvar,A,46,Y,53,36,34,103,14,0.342,0.003320388,,,,,,,,,,,,,,,,,,,,,,,,
22/23,TC,SS_47,SS,Stronvar,A,47,Y,51,31,27,99,3,0.277,0.00279798,,,,,,,,,,,,,,,,,,,,,,,,
22/23,TC,SS_49,SS,Stronvar,A,49,Y,51,30,29,95,32,0.3831,0.004032632,0.0049,0.006,0.0024,0.0056,0.0022,0.0051,0.0051,0.0057,0.0058,0.0055,101,7.2178,0.0715,0.0542,0.0904,0.0981,0.062,0.0675,0.0428,0.1011,0.0889,0.0581,0.0952,
22/23,TC,SS_50,SS,Stronvar,A,50,Y,45,31,30,50,40,0.2045,0.00409,0.0048,0.0047,0.0049,0.005,0.002,0.0052,0.0048,0.0047,0.0044,0.0043,112,4.8819,0.0436,0.0611,0.0823,0.0268,0.0735,0.0683,0.0584,0.096,0.0429,0.0807,0.535,
22/23,TC,SS_51,SS,Stronvar,A,51,Y,48,29,28,61,68,0.3169,0.005195082,0.0061,0.0058,0.0055,0.0066,0.0063,0.0063,0.0056,0.0052,0.0049,0.0059,122,6.656,0.0546,0.1047,0.0177,0.0828,0.0627,0.0353,0.0918,0.1071,0.1033,0.0809,0.0565,
22/23,TC,SS_52,SS,Stronvar,A,52,Y,47,29,28,84,64,0.3286,0.003911905,0.0041,0.0048,0.0015,0.0036,0.0035,0.0035,0.0046,0.0047,0.0044,0.0046,124,5.8167,0.0469,0.0466,0.0344,0.0766,0.0354,0.076,0.0732,0.0366,0.0623,0.0739,0.0489,
22/23,TC,SS_53,SS,Stronvar,A,53,Y,53,31,29,99,69,0.4455,0.0045,0.0047,0.0046,0.0046,0.0048,0.005,0.0019,0.0046,0.005,0.0043,0.0049,130,8.0177,0.0617,0.099,0.1005,0.0619,0.0983,0.0404,0.0835,0.0475,0.062,0.0915,0.0354,
22/23,TC,MS_54,MS,Mid-Dome,C,54,Y,49,23,23,95,29,0.4243,0.004466316,0.0055,0.0041,0.0056,0.0052,0.0043,0.0051,0.0052,0.0061,0.0044,0.0026,89,4.2147,0.0474,0.0712,0.1042,0.0913,0.0529,0.081,0.0723,0.0382,0.0453,0.085,0.0538,
22/23,TC,MS_55,MS,Mid-Dome,C,55,Y,55,24,23,108,43,0.569,0.005268519,0.0068,0.0018,0.0056,0.0051,0.0059,0.0053,0.0064,0.0065,0.0065,0.0057,115,6.3999,0.0557,0.0611,0.0991,0.0642,0.0754,0.0616,0.0502,0.0606,0.0645,0.762,0.0606,
22/23,TC,MS_56,MS,Mid-Dome,C,56,Y,53,24,23,102,46,0.4515,0.004426471,0.0054,0.0053,0.005,0.0057,0.0053,0.0047,0.0051,0.0057,0.0054,0.0059,110,4.8452,0.044,0.0725,0.0752,0.0635,0.028,0.0616,0.0517,0.0657,0.0652,0.0517,0.0607,
22/23,TC,MS_57,MS,Mid-Dome,C,57,Y,45,22,20,84,37,0.3324,0.003957143,0.0042,0.0047,0.0041,0.0045,0.0044,0.0047,0.0049,0.0048,0.0048,0.0049,100,3.8486,0.0385,0.0631,0.0577,0.0528,0.046,0.0576,0.0777,0.074,0.0423,0.0301,0.074,
22/23,TC,MS_58,MS,Mid-Dome,C,58,Y,51,23,22,109,47,0.4208,0.00386055,0.0039,0.0017,0.004,0.0041,0.0048,0.0049,0.0035,0.0041,0.0038,0.0054,123,5.1892,0.0422,0.069,0.0601,0.0487,0.0631,0.0224,0.0615,0.0522,0.046,0.0523,0.0524,
22/23,TC,MS_59,MS,Mid-Dome,C,59,Y,54,24,23,99,55,0.4924,0.004973737,0.005,0.005,0.0051,0.005,0.005,0.005,0.0047,0.0051,0.0011,0.0051,116,6.2043,0.0535,0.0514,0.041,0.0476,0.0778,0.046,0.0771,0.0171,0.0829,0.0297,0.0717,
22/23,TC,MS_60,MS,Mid-Dome,C,60,Y,47,21,21,87,42,0.03955,0.000454598,0.0068,0.0065,0.0069,0.0065,0.0055,0.0068,0.0068,0.0058,0.0028,0.0069,89,3.7633,0.0423,0.027,0.0457,0.0706,0.0536,0.0681,0.0489,0.0401,0.0585,0.0744,0.0644,
22/23,TC,MS_61,MS,Mid-Dome,C,61,Y,50,22,22,88,34,0.4509,0.005123864,0.0046,0.0054,0.0054,0.0017,0.0058,0.0055,0.0046,0.0057,0.004,0.0056,100,5.0371,0.0504,0.07,0.0654,0.0789,0.0978,0.046,0.0871,0.0558,0.0524,0.0699,0.0338,
22/23,TC,MS_62,MS,Mid-Dome,C,62,Y,47,22,22,84,32,0.2904,0.003457143,0.0048,0.0047,0.0017,0.0016,0.004,0.0039,0.0037,0.0033,0.004,0.0013,96,4.3127,0.0449,0.0537,0.0574,0.0401,0.0756,0.0497,0.0626,0.0833,0.0691,0.0551,,
22/23,TC,MS_63,MS,Mid-Dome,C,63,Y,43,20,21,78,43,0.3011,0.003860256,0.004,0.0047,0.0017,0.0051,0.0042,0.0038,0.0046,0.005,0.0042,0.0045,94,3.7714,0.0401,0.0563,0.0721,0.0675,0.0911,0.0497,0.0547,0.0495,0.0775,0.0528,0.0473,
22/23,TC,MS_64,MS,Mid-Dome,C,64,Y,48,24,22,95,43,0.3468,0.003650526,0.0039,0.0035,0.0046,0.0018,0.0012,0.005,0.0034,0.0046,0.0037,0.0048,97,4.7248,0.0487,0.0505,0.0607,0.0446,0.0906,0.0919,0.0329,0.0685,0.0765,0.0855,0.0755,
22/23,TC,MS_65,MS,Mid-Dome,C,65,Y,43,21,20,88,38,0.3211,0.003648864,0.0041,0.0034,0.003,0.0039,0.0039,0.0037,0.0031,0.0042,0.0041,0.0048,92,3.5036,0.0381,0.0377,0.045,0.0405,0.0274,0.0577,0.046,0.0794,0.0088,0.0405,0.0681,
22/23,TC,MS_66,MS,Mid-Dome,C,66,Y,39,21,22,73,45,0.2352,0.003221918,0.0044,0.0046,0.0039,0.0049,0.0044,0.0048,0.005,0.0046,0.0046,0.0042,94,3.4074,0.0362,0.0496,0.0616,0.0591,0.0203,0.0419,0.0505,0.0146,0.0603,0.0503,0.0333,
22/23,TC,MS_67,MS,Mid-Dome,C,67,Y,43,20,20,96,31,0.2814,0.00293125,0.0033,0.0037,0.0039,0.0037,0.0039,0.0037,0.0033,0.0035,0.0035,0.0031,95,3.252,0.0342,0.0603,0.0395,0.0359,0.0393,0.0394,0.0463,0.0115,0.0473,0.0534,0.0601,
22/23,TC,MS_68,MS,Mid-Dome,C,68,Y,44,21,19,66,32,0.2829,0.004286364,0.0049,0.0052,0.0052,0.0056,0.0046,0.0047,0.0052,0.0055,0.0049,0.0045,83,3.7007,0.0446,0.0632,0.0788,0.0402,0.0712,0.0479,0.0461,0.0714,0.0774,0.0542,0.0966,
22/23,TC,MS_69,MS,Mid-Dome,C,69,Y,45,23,21,73,34,0.2943,0.004031507,0.0037,0.0057,0.0045,0.0059,0.0048,0.0054,0.0051,0.0052,0.0047,0.0053,101,4.7084,0.0466,0.0712,0.0507,0.0345,0.0755,0.0689,0.0483,0.0792,0.0756,0.0659,0.062,
22/23,TC,MS_70,MS,Mid-Dome,C,70,Y,41,21,21,67,27,0.2753,0.004108955,0.0038,0.0029,0.0041,0.0034,0.0037,0.0032,0.0032,0.0035,0.0029,0.0034,119,3.8699,0.0325,0.0665,0.0545,0.0509,0.0533,0.0693,0.0563,0.06,0.0674,0.0358,0.0515,
22/23,TC,MS_71,MS,Mid-Dome,C,71,Y,41,21,21,64,37,0.2785,0.004351563,0.0062,0.006,0.003,0.0061,0.0055,0.0068,0.0059,0.0058,0.0065,0.0065,89,3.921,0.0441,0.0522,0.0476,0.0649,0.0609,0.0289,0.0516,0.0163,0.0612,0.0491,0.0354,
22/23,TC,SS_72,SS,Stronvar,A,72,Y,59,23,25,81,1,0.4373,0.005398765,0.0043,0.0063,0.0062,0.0017,0.0051,0.0052,0.005,0.0043,0.0056,0.0055,104,7.2496,0.0697,0.0754,0.087,0.0548,0.0733,0.0787,0.0461,0.0959,0.0748,0.0771,0.0619,
22/23,TC,SS_73,SS,Stronvar,A,73,Y,58,26,26,101,73,0.641,0.006346535,0.0063,0.0054,0.0065,0.0068,0.0067,0.007,0.0066,0.0068,0.0023,0.007,125,10.1641,0.0813,0.1255,0.0475,0.041,0.1121,0.092,0.117,0.0842,0.0647,0.131,0.1344,
22/23,TC,SS_74,SS,Stronvar,A,74,Y,60,23,24,100,76,0.4025,0.004025,0.005,0.0056,0.0019,0.0056,0.006,0.0049,0.0056,0.0062,0.0016,0.0043,234,7.7889,0.0333,0.0905,0.0796,0.0711,0.0713,0.0983,0.1068,0.0984,0.0481,0.0744,0.0972,
22/23,TC,SS_75,SS,Stronvar,A,75,Y,55,23,24,84,42,0.3751,0.004465476,0.0048,0.0049,0.0045,0.0049,0.0039,0.0016,0.001,0.004,0.005,0.0047,116,8.1193,0.07,0.1108,0.1208,0.0507,0.1092,0.128,0.0764,0.0884,0.1006,0.1119,0.0977,
22/23,TC,SS_76,SS,Stronvar,A,76,Y,48,23,23,82,56,0.335,0.004085366,0.0033,0.0043,0.0041,0.0038,0.0037,0.0043,0.0039,0.004,0.0009,0.0042,107,7.0044,0.0655,0.0148,0.0696,0.0393,0.0298,0.014,0.0872,0.0628,0.0919,0.0668,0.0878,
22/23,TC,SS_77,SS,Stronvar,A,77,Y,52,24,24,43,3,0.2035,0.004732558,0.0067,0.0049,0.0055,0.006,0.0063,0.0017,0.0059,0.0064,0.0052,0.0054,115,7.6411,0.0664,0.1163,0.0352,0.0453,0.0583,0.09,0.0672,0.0735,0.0887,0.064,0.0534,
22/23,TC,SS_78,SS,Stronvar,A,78,Y,52,24,23,72,1,0.3316,0.004605556,0.005,0.004,0.0048,0.0054,0.0051,0.0049,0.0045,0.0047,0.004,0.0043,104,7.2496,0.0697,0.0754,0.087,0.0548,0.0733,0.0787,0.0461,0.0959,0.0748,0.0771,0.0619,
22/23,TC,SS_79,SS,Stronvar,A,79,Y,56,22,22,75,60,0.3018,0.004024,0.0042,0.0046,0.0039,0.0043,0.0041,0.0045,0.0045,0.0048,0.0051,0.0014,135,6.2916,0.0466,0.0815,0.053,0.0621,0.0544,0.0522,0.0601,0.0682,0.0339,0.0482,0.0484,
22/23,TC,SS_80,SS,Stronvar,A,80,Y,44,22,22,46,2,0.2336,0.005078261,0.0059,0.0055,0.0073,0.0013,0.0057,0.0061,0.0055,0.0058,0.0052,0.0009,75,5.8238,0.0777,0.1066,0.0945,0.112,0.0936,0.1092,0.1006,0.0929,0.0948,0.051,0.074,
22/23,TC,SS_81,SS,Stronvar,A,81,Y,46,19,19,74,28,0.2254,0.003045946,0.0034,0.0011,0.0037,0.0036,0.0033,0.0044,0.0042,0.0036,0.0008,0.0033,108,4,0.036,0.0192,0.0716,0.0534,0.0426,0.0522,0.0427,0.0124,0.0681,0.0578,0.0451,
22/23,TC,SS_82,SS,Stronvar,A,82,Y,43,21,22,54,37,0.2072,0.003837037,0.0016,0.0038,0.0042,0.0047,0.0051,0.0045,0.0042,0.0051,0.0042,0.0016,89,4.7492,0.0534,0.0583,0.0898,0.0318,0.053,0.0947,0.059,0.0877,0.0572,0.0701,0.0652,
22/23,TC,SS_83,SS,Stronvar,A,83,Y,42,19,17,61,22,0.1906,0.00312459,0.0047,0.0009,0.0039,0.0036,0.001,0.0034,0.003,0.0037,0.0042,0.0036,86,3.4241,0.0398,0.0427,0.0237,0.052,0.0522,0.0498,0.0467,0.0657,0.0527,0.0539,0.0615,
22/23,TC,MS_100,MS,Mid-Dome,C,100,Y,57,26,25,119,61,0.4878,0.00409916,0.0049,0.0053,0.0051,0.0053,0.0048,0.0055,0.0051,0.0043,0.0048,0.0055,139,6.5126,0.0469,0.0442,0.0516,0.0544,0.0672,0.0527,0.0226,0.0512,0.0813,0.0446,0.0542,
22/23,TC,SS_101,SS,Stronvar,A,101,Y,57.8,26.08,26.46,78,3,0.3725,0.004775641,0.0052,0.006,0.0055,0.0048,0.0042,0.0041,0.0045,0.0056,0.0047,0.0049,115,8.4213,0.0732,0.1131,0.1113,0.0713,0.054,0.0755,0.1083,0.0865,0.0295,0.0474,0.0365,
22/23,TC,SS_102,SS,Stronvar,A,102,Y,49.34,24.7,24.83,89,42,0.3575,0.004016854,0.0053,0.0046,0.0016,0.0053,0.0013,0.0018,0.0052,0.0048,0.0045,0.0015,85,4.4185,0.052,0.0501,0.0479,0.0342,0.0891,0.0191,0.0725,0.0692,0.0426,0.0764,0.0281,
22/23,TC,SS_103,SS,Stronvar,A,103,Y,49.73,31.75,27.99,100,22,0.4435,0.004435,0.0053,0.0054,0.0021,0.0055,0.0017,0.0052,0.005,0.0043,0.0012,0.0041,121,8.5533,0.0707,0.106,0.0763,0.1135,0.0618,0.0833,0.0295,0.0584,0.0412,0.1367,0.1271,
22/23,TC,SS_104,SS,Stronvar,A,104,Y,46.56,36.94,31.42,78,25,0.3535,0.004532051,0.0056,0.0058,0.0058,0.0054,0.005,0.0048,0.0048,0.005,0.0049,0.0057,96,7.1581,0.0746,0.0587,0.1015,0.0582,0.0749,0.0421,0.0491,0.0915,0.1196,0.0824,0.0844,
22/23,TC,SS_105,SS,Stronvar,A,105,Y,46.17,29.96,24.56,56,7,0.3124,0.005578571,0.0062,0.0051,0.0055,0.0057,0.0058,0.0056,0.0055,0.0056,0.0017,0.0018,99,6.5652,0.0663,0.0111,0.0577,0.0109,0.0602,0.0909,0.0298,0.0962,0.0675,0.1092,0.102,
22/23,TC,SS_106,SS,Stronvar,A,106,Y,53.3,35.57,33.74,103,25,0.5619,0.00545534,0.008,0.0077,0.0081,0.0071,0.0082,0.0087,0.009,0.0065,0.009,0.0096,129,9.9887,0.0774,0.1168,0.1282,0.128,0.0804,0.0687,0.1312,0.1247,0.1141,0.0759,0.1155,
22/23,TC,SS_107,SS,Stronvar,A,107,Y,50.66,31.19,27.45,98,0,0.5084,0.005187755,0.0022,0.0061,0.0054,0.0065,0.0055,0.0058,0.0042,0.0056,0.0044,0.0047,86,4.3549,0.0506,0.0756,0.0841,0.0106,0.0107,0.045,0.403,0.0837,0.0438,0.0528,0.073,
23/24,TC,MS27_108,MS27,Mid-Dome,D,108,Y,,,,47,28,,,,,,,,,,,,,,,,,,,,,,,,,,
23/24,TC,MS27_109,MS27,Mid-Dome,D,109,Y,,,,48,15,,,,,,,,,,,,,,,,,,,,,,,,,,
23/24,TC,MS27_110,MS27,Mid-Dome,D,110,Y,,,,20,6,,,,,,,,,,,,,,,,,,,,,,,,,,
23/24,TC,MS25_111,MS25,Mid-Dome,D,111,Y,,,,69,8,,,,,,,,,,,,,,,,,,,,,,,,,,
23/24,TC,MS25_112,MS25,Mid-Dome,D,112,Y,,,,59,9,,,,,,,,,,,,,,,,,,,,,,,,,,
23/24,TC,MS28_113,MS28,Mid-Dome,D,113,Y,,,,68,5,,,,,,,,,,,,,,,,,,,,,,,,,,
23/24,TC,MS28_114,MS28,Mid-Dome,D,114,Y,,,,11,6,,,,,,,,,,,,,,,,,,,,,,,,,,
23/24,TC,MS30_115,MS30,Mid-Dome,D,115,Y,,,,71,11,,,,,,,,,,,,,,,,,,,,,,,,,,
23/24,TC,MS30_116,MS30,Mid-Dome,D,116,Y,,,,74,6,,,,,,,,,,,,,,,,,,,,,,,,,,
23/24,TC,MS29_117,MS29,Mid-Dome,D,117,Y,,,,96,12,,,,,,,,,,,,,,,,,,,,,,,,,,
23/24,TC,MS26_118,MS26,Mid-Dome,C,118,Y,,,,67,7,,,,,,,,,,,,,,,,,,,,,,,,,,
23/24,TC,MS26_119,MS26,Mid-Dome,C,119,Y,,,,54,4,,,,,,,,,,,,,,,,,,,,,,,,,,
23/24,TC,MS26_120,MS26,Mid-Dome,C,120,Y,,,,47,5,,,,,,,,,,,,,,,,,,,,,,,,,,
23/24,TC,MS26_121,MS26,Mid-Dome,C,121,Y,,,,70,7,,,,,,,,,,,,,,,,,,,,,,,,,,
23/24,TC,MS26_122,MS26,Mid-Dome,C,122,Y,,,,68,4,,,,,,,,,,,,,,,,,,,,,,,,,,
23/24,TC,MS26_123,MS26,Mid-Dome,C,123,Y,,,,60,7,,,,,,,,,,,,,,,,,,,,,,,,,,
23/24,TC,MS31_124,MS31,Mid-Dome,D,124,Y,,,,67,8,,,,,,,,,,,,,,,,,,,,,,,,,,
23/24,TC,HS32_125,HS32,Hanmer,D,125,Y,,,,34,2,,,,,,,,,,,,,,,,,,,,,,,,,,
23/24,TC,HS33_126,HS33,Hanmer,D,126,Y,,,,53,4,,,,,,,,,,,,,,,,,,,,,,,,,,
23/24,TC,HS33_127,HS33,Hanmer,D,127,Y,,,,93,5,,,,,,,,,,,,,,,,,,,,,,,,,,
23/24,TC,HS33_128,HS33,Hanmer,D,128,Y,,,,57,3,,,,,,,,,,,,,,,,,,,,,,,,,,
23/24,TC,HS33_129,HS33,Hanmer,D,129,Y,,,,64,2,,,,,,,,,,,,,,,,,,,,,,,,,,
23/24,TC,HS32_130,HS32,Hanmer,D,130,Y,,,,72,5,,,,,,,,,,,,,,,,,,,,,,,,,,
23/24,TC,HS32_131,HS32,Hanmer,D,131,Y,,,,41,2,,,,,,,,,,,,,,,,,,,,,,,,,,
23/24,TC,HS32_132,HS32,Hanmer,D,132,Y,,,,53,4,,,,,,,,,,,,,,,,,,,,,,,,,,
23/24,TC,HS33_133,HS33,Hanmer,D,133,Y,,,,102,7,,,,,,,,,,,,,,,,,,,,,,,,,,
23/24,TC,MS26_134,MS26,Mid-Dome,C,134,Y,,,,66,5,,,,,,,,,,,,,,,,,,,,,,,,,,
23/24,TC,MS26_135,MS26,Mid-Dome,C,135,Y,,,,72,2,,,,,,,,,,,,,,,,,,,,,,,,,,
23/24,TC,HS32_136,HS32,Hanmer,D,136,Y,,,,29,4,,,,,,,,,,,,,,,,,,,,,,,,,,
23/24,TC,HS33_137,HS33,Hanmer,D,137,Y,,,,59,1,,,,,,,,,,,,,,,,,,,,,,,,,,
23/24,TC,HS33_138,HS33,Hanmer,D,138,Y,,,,79,4,,,,,,,,,,,,,,,,,,,,,,,,,,
23/24,TC,HS33_139,HS33,Hanmer,D,139,Y,,,,40,5,,,,,,,,,,,,,,,,,,,,,,,,,,
23/24,TC,HS33_140,HS33,Hanmer,D,140,Y,,,,55,3,,,,,,,,,,,,,,,,,,,,,,,,,,
23/24,TC,HS33_141,HS33,Hanmer,D,141,Y,,,,59,2,,,,,,,,,,,,,,,,,,,,,,,,,,
23/24,TC,HS33_142,HS33,Hanmer,D,142,Y,,,,65,2,,,,,,,,,,,,,,,,,,,,,,,,,,
23/24,TC,HS32_143,HS32,Hanmer,D,143,Y,,,,67,0,,,,,,,,,,,,,,,,,,,,,,,,,,
23/24,TC,HS32_144,HS32,Hanmer,D,144,Y,,,,68,0,,,,,,,,,,,,,,,,,,,,,,,,,,
23/24,TC,HS33_145,HS33,Hanmer,D,145,Y,,,,62,0,,,,,,,,,,,,,,,,,,,,,,,,,,
23/24,TC,HS32_146,HS32,Hanmer,D,146,Y,,,,54,0,,,,,,,,,,,,,,,,,,,,,,,,,,
23/24,TC,HS33_147,HS33,Hanmer,D,147,Y,,,,58,0,,,,,,,,,,,,,,,,,,,,,,,,,,
23/24,TC,HS32_148,HS32,Hanmer,D,148,Y,,,,41,0,,,,,,,,,,,,,,,,,,,,,,,,,,
23/24,TC,HS32_149,HS32,Hanmer,D,149,Y,,,,63,1,,,,,,,,,,,,,,,,,,,,,,,,,,
23/24,TC,HS32_150,HS32,Hanmer,D,150,Y,,,,58,0,,,,,,,,,,,,,,,,,,,,,,,,,,
23/24,TC,HS32_151,HS32,Hanmer,D,151,Y,,,,70,5,,,,,,,,,,,,,,,,,,,,,,,,,,
23/24,TC,HS32_152,HS32,Hanmer,D,152,Y,,,,64,0,,,,,,,,,,,,,,,,,,,,,,,,,,
23/24,TC,HS33_153,HS33,Hanmer,D,153,Y,,,,67,0,,,,,,,,,,,,,,,,,,,,,,,,,,
23/24,TC,HS33_154,HS33,Hanmer,D,154,Y,,,,68,0,,,,,,,,,,,,,,,,,,,,,,,,,,
23/24,TC,HS32_155,HS32,Hanmer,D,155,Y,,,,72,0,,,,,,,,,,,,,,,,,,,,,,,,,,
23/24,TC,HS33_156,HS33,Hanmer,D,156,Y,,,,48,1,,,,,,,,,,,,,,,,,,,,,,,,,,
23/24,TC,HS33_157,HS33,Hanmer,D,157,Y,,,,45,0,,,,,,,,,,,,,,,,,,,,,,,,,,
23/24,TC,HS33_158,HS33,Hanmer,D,158,Y,,,,64,0,,,,,,,,,,,,,,,,,,,,,,,,,,
23/24,TC,HS33_159,HS33,Hanmer,D,159,Y,,,,66,0,,,,,,,,,,,,,,,,,,,,,,,,,,
23/24,TC,HS33_160,HS33,Hanmer,D,160,Y,,,,77,0,,,,,,,,,,,,,,,,,,,,,,,,,,
23/24,TC,HS33_161,HS33,Hanmer,D,161,Y,,,,84,0,,,,,,,,,,,,,,,,,,,,,,,,,,
23/24,TC,HS33_162,HS33,Hanmer,D,162,Y,,,,70,2,,,,,,,,,,,,,,,,,,,,,,,,,,
23/24,TC,HS33_163,HS33,Hanmer,D,163,Y,,,,52,3,,,,,,,,,,,,,,,,,,,,,,,,,,
23/24,TC,MS34_164,MS34,Mid-Dome,D,164,Y,,,,78,2,,,,,,,,,,,,,,,,,,,,,,,,,,
23/24,TC,MS34_165,MS34,Mid-Dome,D,165,Y,,,,75,0,,,,,,,,,,,,,,,,,,,,,,,,,,
23/24,TC,MS26_166,MS26,Mid-Dome,D,166,Y,,,,45,0,,,,,,,,,,,,,,,,,,,,,,,,,,
23/24,TC,MS26_167,MS26,Mid-Dome,D,167,Y,,,,81,3,,,,,,,,,,,,,,,,,,,,,,,,,,
23/24,TC,MS26_168,MS26,Mid-Dome,D,168,Y,,,,54,0,,,,,,,,,,,,,,,,,,,,,,,,,,
23/24,TC,FH13A,FH13,Flockhill,A,A,N,15.9,,,9,13,,,,,,,,,,,,,,,,,,,,,,,,,,
23/24,TC,FH13A,FH13,Flockhill,A,B,N,22.6,,,3,0,,,,,,,,,,,,,,,,,,,,,,,,,,
22/23,TC,PUK_FF1_1,FF1,Pukaki,C,PUK_FF1_1,N,50.74,21.45,21.31,98,6,0.4373,0.004462245,,,,,,,,,,,,,,,,,,,,,,,,
22/23,TC,PUK_FF1_2,FF1,Pukaki,C,PUK_FF1_2,N,36.8,16.06,15.57,61,5,0.1929,0.003162295,,,,,,,,,,,,,,,,,,,,,,,,
22/23,TC,PUK_FF1_3,FF1,Pukaki,C,PUK_FF1_3,N,37.26,16.46,16.44,64,4,0.2194,0.003428125,,,,,,,,,,,,,,,,,,,,,,,,
22/23,TC,PUK_FF1_4,FF1,Pukaki,C,PUK_FF1_4,N,45.29,18.45,18.82,83,7,0.3117,0.003755422,,,,,,,,,,,,,,,,,,,,,,,,
22/23,TC,PUK_FF1_5,FF1,Pukaki,C,PUK_FF1_5,N,45.62,20.21,19.15,75,12,0.3299,0.004398667,,,,,,,,,,,,,,,,,,,,,,,,
22/23,TC,PUK_FF1_6,FF1,Pukaki,C,PUK_FF1_6,N,46.92,19.73,20.25,99,14,0.3528,0.003563636,,,,,,,,,,,,,,,,,,,,,,,,
22/23,TC,PUK_FF1_7,FF1,Pukaki,C,PUK_FF1_7,N,41.73,18.54,17.85,87,27,0.2879,0.003309195,,,,,,,,,,,,,,,,,,,,,,,,
22/23,TC,PUK_FF1_8,FF1,Pukaki,C,PUK_FF1_8,N,50.28,22.11,21.69,107,15,0.4647,0.004342991,,,,,,,,,,,,,,,,,,,,,,,,
22/23,TC,PUK_FF1_9,FF1,Pukaki,C,PUK_FF1_9,N,38.23,16.76,16.56,69,6,0.2222,0.00322029,,,,,,,,,,,,,,,,,,,,,,,,
22/23,TC,PUK_FF1_10,FF1,Pukaki,C,PUK_FF1_10,N,44.24,19.05,19.4,77,4,0.3203,0.00415974,,,,,,,,,,,,,,,,,,,,,,,,
22/23,TC,PUK_FF1_11,FF1,Pukaki,C,PUK_FF1_11,N,57.75,24.41,25.78,103,9,0.5077,0.004929126,,,,,,,,,,,,,,,,,,,,,,,,
22/23,TC,PUK_FF1_12,FF1,Pukaki,C,PUK_FF1_12,N,36.97,16.57,16.66,,,,,,,,,,,,,,,,,,,,,,,,,,,,
22/23,TC,PUK_FF1_13,FF1,Pukaki,C,PUK_FF1_13,N,37.76,15.82,16.4,,,,,,,,,,,,,,,,,,,,,,,,,,,,
22/23,TC,PUK_FF1_14,FF1,Pukaki,C,PUK_FF1_14,N,44.88,18.26,18.67,,,,,,,,,,,,,,,,,,,,,,,,,,,,
22/23,TC,PUK_FF2_1,FF2,Pukaki,C,PUK_FF2_1,N,34.04,16.77,15.8,57,5,0.1891,0.003317544,,,,,,,,,,,,,,,,,,,,,,,,
22/23,TC,PUK_FF2_2,FF2,Pukaki,C,PUK_FF2_2,N,38.59,17.31,17.61,75,6,0.2611,0.003481333,,,,,,,,,,,,,,,,,,,,,,,,
22/23,TC,PUK_FF2_3,FF2,Pukaki,C,PUK_FF2_3,N,42.47,20.02,19.77,63,7,0.2606,0.004136508,,,,,,,,,,,,,,,,,,,,,,,,
22/23,TC,PUK_FF2_4,FF2,Pukaki,C,PUK_FF2_4,N,37.3,17.61,17.6,64,4,0.2404,0.00375625,,,,,,,,,,,,,,,,,,,,,,,,
22/23,TC,PUK_FF2_5,FF2,Pukaki,C,PUK_FF2_5,N,36.86,17.37,17.45,,,,,,,,,,,,,,,,,,,,,,,,,,,,
22/23,TC,PUK_FF2_6,FF2,Pukaki,C,PUK_FF2_6,N,37.45,18.27,18.38,,,,,,,,,,,,,,,,,,,,,,,,,,,,
22/23,TC,PUK_FF2_7,FF2,Pukaki,C,PUK_FF2_7,N,34.28,16,17.08,,,,,,,,,,,,,,,,,,,,,,,,,,,,
22/23,TC,PUK_FF2_8,FF2,Pukaki,C,PUK_FF2_8,N,36.64,16.95,17.08,,,,,,,,,,,,,,,,,,,,,,,,,,,,
22/23,TC,PUK_FF2_9,FF2,Pukaki,C,PUK_FF2_9,N,33.04,15.91,15.78,,,,,,,,,,,,,,,,,,,,,,,,,,,,
22/23,TC,PUK_FF2_10,FF2,Pukaki,C,PUK_FF2_10,N,33.1,16.59,15.22,,,,,,,,,,,,,,,,,,,,,,,,,,,,
22/23,TC,PUK_FF3_1,FF3,Pukaki,C,PUK_FF3_1,N,44.18,22.27,22.38,,,,,,,,,,,,,,,,,,,,,,,,,,,,
22/23,TC,PUK_FF3_2,FF3,Pukaki,C,PUK_FF3_2,N,44.17,21.59,22.04,,,,,,,,,,,,,,,,,,,,,,,,,,,,
22/23,TC,PUK_FF3_3,FF3,Pukaki,C,PUK_FF3_3,N,42.95,21.43,21.08,,,,,,,,,,,,,,,,,,,,,,,,,,,,
22/23,TC,PUK_FF3_4,FF3,Pukaki,C,PUK_FF3_4,N,43.2,21.36,20.99,,,,,,,,,,,,,,,,,,,,,,,,,,,,
22/23,TC,PUK_FF3_5,FF3,Pukaki,C,PUK_FF3_5,N,42.32,20.6,20.66,,,,,,,,,,,,,,,,,,,,,,,,,,,,
22/23,TC,PUK_FF3_6,FF3,Pukaki,C,PUK_FF3_6,N,44.13,21.43,21.19,,,,,,,,,,,,,,,,,,,,,,,,,,,,
22/23,TC,PUK_FF4_1,FF4,Pukaki,C,PUK_FF4_1,N,44.38,21.86,21.13,,,,,,,,,,,,,,,,,,,,,,,,,,,,
22/23,TC,PUK_FF4_2,FF4,Pukaki,C,PUK_FF4_2,N,42.05,21.18,19.33,,,,,,,,,,,,,,,,,,,,,,,,,,,,
22/23,TC,PUK_FF4_Epi1,FF4,Pukaki,C,PUK_FF4_Epi1,N,42.7,19.53,18.83,,,,,,,,,,,,,,,,,,,,,,,,,,,,
22/23,TC,PUK_FF5_1,FF5,Pukaki,C,PUK_FF5_1,N,44.32,23.33,22,,,,,,,,,,,,,,,,,,,,,,,,,,,,
22/23,TC,PUK_FF5_2,FF5,Pukaki,C,PUK_FF5_2,N,43.91,22.32,22.85,,,,,,,,,,,,,,,,,,,,,,,,,,,,
22/23,TC,PUK_FF5_3,FF5,Pukaki,C,PUK_FF5_3,N,41.48,21.55,22,,,,,,,,,,,,,,,,,,,,,,,,,,,,
22/23,TC,PUK_FF5_4,FF5,Pukaki,C,PUK_FF5_4,N,38.77,21.29,20.38,,,,,,,,,,,,,,,,,,,,,,,,,,,,
22/23,TC,PUK_FF5_5,FF5,Pukaki,C,PUK_FF5_5,N,42.15,22.38,22.07,,,,,,,,,,,,,,,,,,,,,,,,,,,,
22/23,TC,PUK_FF5_6,FF5,Pukaki,C,PUK_FF5_6,N,45.09,24.64,23.68,,,,,,,,,,,,,,,,,,,,,,,,,,,,
22/23,TC,PUK_FF5_7,FF5,Pukaki,C,PUK_FF5_7,N,45.68,23.71,22.97,,,,,,,,,,,,,,,,,,,,,,,,,,,,
22/23,TC,PUK_FF5_8,FF5,Pukaki,C,PUK_FF5_8,N,44.04,24.1,22.43,,,,,,,,,,,,,,,,,,,,,,,,,,,,
22/23,TC,PUK_FF6_1,FF6,Pukaki,C,PUK_FF6_1,N,45.65,23.42,21.97,,,,,,,,,,,,,,,,,,,,,,,,,,,,
22/23,TC,PUK_FF6_2,FF6,Pukaki,C,PUK_FF6_2,N,44.04,21.88,21.71,,,,,,,,,,,,,,,,,,,,,,,,,,,,
22/23,TC,PUK_FF7_1,FF7,Pukaki,C,PUK_FF7_1,N,38.02,17.9,17.1,,,,,,,,,,,,,,,,,,,,,,,,,,,,
22/23,TC,PUK_FF7_Epi1,FF7,Pukaki,C,PUK_FF7_Epi1,N,40.14,17.93,17.6,,,,,,,,,,,,,,,,,,,,,,,,,,,,
22/23,TC,PUK_FF7_Epi2,FF7,Pukaki,C,PUK_FF7_Epi2,N,42.79,18.63,17.68,,,,,,,,,,,,,,,,,,,,,,,,,,,,
22/23,TC,PUK_FF8_1,FF8,Pukaki,C,PUK_FF8_1,N,43.84,18.17,17.89,,,,,,,,,,,,,,,,,,,,,,,,,,,,
22/23,TC,PUK_FF8_2,FF8,Pukaki,C,PUK_FF8_2,N,44.04,17.95,17.95,,,,,,,,,,,,,,,,,,,,,,,,,,,,
22/23,TC,HAN_FF1_1,FF1,Hanmer,C,HAN_FF1_1,N,34.52,18.75,18.04,,,,,,,,,,,,,,,,,,,,,,,,,,,,
22/23,TC,HAN_FF2_1,FF2,Hanmer,C,HAN_FF2_1,N,34.79,24.3,23.01,,,,,,,,,,,,,,,,,,,,,,,,,,,,
22/23,TC,HAN_FF2_2,FF2,Hanmer,C,HAN_FF2_2,N,34.82,25.04,25.42,,,,,,,,,,,,,,,,,,,,,,,,,,,,
22/23,TC,HAN_FF2_3,FF2,Hanmer,C,HAN_FF2_3,N,37.41,28.52,25.32,,,,,,,,,,,,,,,,,,,,,,,,,,,,
22/23,TC,HAN_FF3_1,FF3,Hanmer,C,HAN_FF3_1,N,45.57,27.54,26.1,,,,,,,,,,,,,,,,,,,,,,,,,,,,
22/23,TC,HAN_FF3_2,FF3,Hanmer,C,HAN_FF3_2,N,48.26,28.53,28.64,,,,,,,,,,,,,,,,,,,,,,,,,,,,
22/23,TC,HAN_FF4_1,FF4,Hanmer,C,HAN_FF4_1,N,39.68,27.95,25.75,,,,,,,,,,,,,,,,,,,,,,,,,,,,
22/23,TC,HAN_FF4_2,FF4,Hanmer,C,HAN_FF4_2,N,40.75,24.61,23.88,,,,,,,,,,,,,,,,,,,,,,,,,,,,
22/23,TC,HAN_FF5_1,FF5,Hanmer,C,HAN_FF5_1,N,45,25.73,26.01,,,,,,,,,,,,,,,,,,,,,,,,,,,,
22/23,TC,HAN_FF5_2,FF5,Hanmer,C,HAN_FF5_2,N,44.64,27.17,25.98,,,,,,,,,,,,,,,,,,,,,,,,,,,,
22/23,TC,HAN_FF5_3,FF5,Hanmer,C,HAN_FF5_3,N,42.75,24.28,23.75,,,,,,,,,,,,,,,,,,,,,,,,,,,,
22/23,TC,FH_FF1_1,FF1,Flockhill,C,FH_FF1_1,N,33.12,22.44,20.23,6,112,0.0152,0.002533333,,,,,,,,,,,,,,,,,,,,,,,,
22/23,TC,FH_FF1_2,FF1,Flockhill,C,FH_FF1_2,N,34.27,20.71,20.33,14,71,0.0548,0.003914286,,,,,,,,,,,,,,,,,,,,,,,,
22/23,TC,FH_FF2_1,FF2,Flockhill,C,FH_FF2_1,N,44.95,29.18,27.04,45,65,0.2662,0.005915556,,,,,,,,,,,,,,,,,,,,,,,,
22/23,TC,FH_FF3_1,FF3,Flockhill,C,FH_FF3_1,N,51.39,33.47,30.21,49,90,0.2433,0.004965306,,,,,,,,,,,,,,,,,,,,,,,,
22/23,TC,FH_FF3_2,FF3,Flockhill,C,FH_FF3_2,N,48.86,32.57,28.44,28,107,0.1335,0.004767857,,,,,,,,,,,,,,,,,,,,,,,,
22/23,TC,FH_FF4_1,FF4,Flockhill,C,FH_FF4_1,N,39.38,28.11,25.56,,,,,,,,,,,,,,,,,,,,,,,,,,,,
22/23,TC,FH_FF4_2,FF4,Flockhill,C,FH_FF4_2,N,35.44,23.94,21.34,,,,,,,,,,,,,,,,,,,,,,,,,,,,
22/23,TC,FH_FF4_3,FF4,Flockhill,C,FH_FF4_3,N,37.42,25.71,23.41,,,,,,,,,,,,,,,,,,,,,,,,,,,,
22/23,TC,FH_FF4_4,FF4,Flockhill,C,FH_FF4_4,N,38.39,24.71,22.86,,,,,,,,,,,,,,,,,,,,,,,,,,,,
22/23,TC,FH_FF4_5,FF4,Flockhill,C,FH_FF4_5,N,33.41,21.32,19.72,,,,,,,,,,,,,,,,,,,,,,,,,,,,
22/23,TC,FH_FF4_6,FF4,Flockhill,C,FH_FF4_6,N,34,26.05,23.53,,,,,,,,,,,,,,,,,,,,,,,,,,,,
22/23,TC,FH_FF4_7,FF4,Flockhill,C,FH_FF4_7,N,40.76,28.43,25.13,,,,,,,,,,,,,,,,,,,,,,,,,,,,
22/23,TC,FH_FF4_8,FF4,Flockhill,C,FH_FF4_8,N,37.81,25.71,25.3,,,,,,,,,,,,,,,,,,,,,,,,,,,,
22/23,TC,FH_FF4_9,FF4,Flockhill,C,FH_FF4_9,N,36.57,27.89,27.11,,,,,,,,,,,,,,,,,,,,,,,,,,,,
22/23,TC,FH_FF4_10,FF4,Flockhill,C,FH_FF4_10,N,38.77,25.59,22.76,,,,,,,,,,,,,,,,,,,,,,,,,,,,
22/23,TC,FH_FF4_11,FF4,Flockhill,C,FH_FF4_11,N,38.6,24..65,22.86,,,,,,,,,,,,,,,,,,,,,,,,,,,,
22/23,TC,FH_FF4_12,FF4,Flockhill,C,FH_FF4_12,N,37.79,25.35,22.73,,,,,,,,,,,,,,,,,,,,,,,,,,,,
22/23,TC,FH_FF4_13,FF4,Flockhill,C,FH_FF4_13,N,36.91,28.44,26.39,,,,,,,,,,,,,,,,,,,,,,,,,,,,
22/23,TC,FH_FF4_14,FF4,Flockhill,C,FH_FF4_14,N,33.28,25.12,23.59,,,,,,,,,,,,,,,,,,,,,,,,,,,,
22/23,TC,FH_FF4_15,FF4,Flockhill,C,FH_FF4_15,N,35.69,27.49,24.65,,,,,,,,,,,,,,,,,,,,,,,,,,,,
22/23,TC,FH_FF4_16,FF4,Flockhill,C,FH_FF4_16,N,41.85,27.97,26.65,,,,,,,,,,,,,,,,,,,,,,,,,,,,
22/23,TC,FH_FF4_17,FF4,Flockhill,C,FH_FF4_17,N,36.69,24.26,22.19,,,,,,,,,,,,,,,,,,,,,,,,,,,,
22/23,TC,FH_FF4_18,FF4,Flockhill,C,FH_FF4_18,N,36.56,27.97,24.33,,,,,,,,,,,,,,,,,,,,,,,,,,,,
22/23,TC,FH_FF4_19,FF4,Flockhill,C,FH_FF4_19,N,37.94,25.78,26.05,,,,,,,,,,,,,,,,,,,,,,,,,,,,
22/23,TC,FH_FF4_20,FF4,Flockhill,C,FH_FF4_20,N,36.04,23.83,22.11,,,,,,,,,,,,,,,,,,,,,,,,,,,,
22/23,TC,FH_FF5_1,FF5,Flockhill,C,FH_FF5_1,N,49.52,28.82,24.9,,,,,,,,,,,,,,,,,,,,,,,,,,,,
22/23,TC,FH_FF5_2,FF5,Flockhill,C,FH_FF5_2,N,48.13,28.97,26.58,,,,,,,,,,,,,,,,,,,,,,,,,,,,
22/23,TC,FH_FF5_3,FF5,Flockhill,C,FH_FF5_3,N,36.92,22.59,20.41,,,,,,,,,,,,,,,,,,,,,,,,,,,,
22/23,TC,FH_FF6_1,FF6,Flockhill,C,FH_FF6_1,N,32.82,25.89,24.84,,,,,,,,,,,,,,,,,,,,,,,,,,,,
22/23,TC,FH_FF6_2,FF6,Flockhill,C,FH_FF6_2,N,33.85,22.96,23.14,,,,,,,,,,,,,,,,,,,,,,,,,,,,
22/23,TC,FH_FF6_3,FF6,Flockhill,C,FH_FF6_3,N,36.66,26.22,25.43,,,,,,,,,,,,,,,,,,,,,,,,,,,,
22/23,TC,FH_FF6_4,FF6,Flockhill,C,FH_FF6_4,N,34.8,27.29,24.3,,,,,,,,,,,,,,,,,,,,,,,,,,,,
22/23,TC,FH_FF6_5,FF6,Flockhill,C,FH_FF6_5,N,38.8,29.23,24.77,,,,,,,,,,,,,,,,,,,,,,,,,,,,
22/23,TC,FH_FF7_1,FF7,Flockhill,C,FH_FF7_1,N,43.7,27.97,27.07,,,,,,,,,,,,,,,,,,,,,,,,,,,,
22/23,TC,FH_FF7_2,FF7,Flockhill,C,FH_FF7_2,N,42.1,29.44,26.39,,,,,,,,,,,,,,,,,,,,,,,,,,,,
22/23,TC,FH_FF8_1,FF8,Flockhill,C,FH_FF8_1,N,28.18,25.5,22.84,,,,,,,,,,,,,,,,,,,,,,,,,,,,
22/23,TC,FH_FF8_2,FF8,Flockhill,C,FH_FF8_2,N,28.5,24.47,23.72,,,,,,,,,,,,,,,,,,,,,,,,,,,,
22/23,TC,FH_FF8_3,FF8,Flockhill,C,FH_FF8_3,N,31.62,28.07,26.52,,,,,,,,,,,,,,,,,,,,,,,,,,,,
22/23,TC,FH_FF8_4,FF8,Flockhill,C,FH_FF8_4,N,28.29,25.77,25.72,,,,,,,,,,,,,,,,,,,,,,,,,,,,
22/23,TC,FH_FF8_5,FF8,Flockhill,C,FH_FF8_5,N,28.3,23.99,22.89,,,,,,,,,,,,,,,,,,,,,,,,,,,,
22/23,TC,FH_FF8_6,FF8,Flockhill,C,FH_FF8_6,N,31.24,26.24,26.24,,,,,,,,,,,,,,,,,,,,,,,,,,,,
22/23,TC,FH_FF8_7,FF8,Flockhill,C,FH_FF8_7,N,34.49,29.43,28.5,,,,,,,,,,,,,,,,,,,,,,,,,,,,
22/23,TC,FH_FF8_8,FF8,Flockhill,C,FH_FF8_8,N,29.29,24.31,23.97,,,,,,,,,,,,,,,,,,,,,,,,,,,,
22/23,TC,FH_FF8_9,FF8,Flockhill,C,FH_FF8_9,N,30.15,23.47,22.9,,,,,,,,,,,,,,,,,,,,,,,,,,,,
22/23,TC,FH_FF8_10,FF8,Flockhill,C,FH_FF8_10,N,32.04,26.98,26.17,,,,,,,,,,,,,,,,,,,,,,,,,,,,
22/23,TC,FH_FF8_11,FF8,Flockhill,C,FH_FF8_11,N,28.17,24.62,22.78,,,,,,,,,,,,,,,,,,,,,,,,,,,,
22/23,TC,FH_FF8_12,FF8,Flockhill,C,FH_FF8_12,N,27.72,24.76,23.94,,,,,,,,,,,,,,,,,,,,,,,,,,,,
22/23,TC,FH_FF8_13,FF8,Flockhill,C,FH_FF8_13,N,31.02,27.34,26.38,,,,,,,,,,,,,,,,,,,,,,,,,,,,
22/23,TC,FH_FF8_14,FF8,Flockhill,C,FH_FF8_14,N,27.07,22.26,21.14,,,,,,,,,,,,,,,,,,,,,,,,,,,,
22/23,TC,FH_FF9_1,FF9,Flockhill,C,FH_FF9_1,N,41.01,18.94,18.67,,,,,,,,,,,,,,,,,,,,,,,,,,,,
22/23,TC,FH_FF9_2,FF9,Flockhill,C,FH_FF9_2,N,41.56,19.88,18.77,,,,,,,,,,,,,,,,,,,,,,,,,,,,
22/23,TC,FH_FF9_3,FF9,Flockhill,C,FH_FF9_3,N,41.91,17.9,18.31,,,,,,,,,,,,,,,,,,,,,,,,,,,,
22/23,TC,FH_FF9_4,FF9,Flockhill,C,FH_FF9_4,N,27.87,18.45,18.16,,,,,,,,,,,,,,,,,,,,,,,,,,,,
22/23,TC,FH_FF9_5,FF9,Flockhill,C,FH_FF9_5,N,39.92,20.84,20.23,,,,,,,,,,,,,,,,,,,,,,,,,,,,
22/23,TC,FH_FF9_6,FF9,Flockhill,C,FH_FF9_6,N,51.92,24.53,22.26,,,,,,,,,,,,,,,,,,,,,,,,,,,,
22/23,TC,FH_FF9_7,FF9,Flockhill,C,FH_FF9_7,N,50.66,30.21,27.22,,,,,,,,,,,,,,,,,,,,,,,,,,,,
22/23,TC,FH_FF9_8,FF9,Flockhill,C,FH_FF9_8,N,47.65,27.05,26.41,,,,,,,,,,,,,,,,,,,,,,,,,,,,
22/23,TC,FH_FF10_1,FF10,Flockhill,C,FH_FF10_1,N,37.96,26.7,26.15,,,,,,,,,,,,,,,,,,,,,,,,,,,,
22/23,TC,FH_FF10_2,FF10,Flockhill,C,FH_FF10_2,N,38.36,27.75,24.93,,,,,,,,,,,,,,,,,,,,,,,,,,,,
22/23,TC,FH_FF10_3,FF10,Flockhill,C,FH_FF10_3,N,31.72,23.65,23.4,,,,,,,,,,,,,,,,,,,,,,,,,,,,
22/23,TC,FH_FF10_4,FF10,Flockhill,C,FH_FF10_4,N,31.94,25.01,24.63,,,,,,,,,,,,,,,,,,,,,,,,,,,,
22/23,TC,FH_FF10_5,FF10,Flockhill,C,FH_FF10_5,N,28.28,22.49,21.39,,,,,,,,,,,,,,,,,,,,,,,,,,,,
22/23,TC,FH_FF11_1,FF11,Flockhill,C,FH_FF11_1,N,42.29,27.31,24.75,,,,,,,,,,,,,,,,,,,,,,,,,,,,
22/23,TC,FH_FF11_2,FF11,Flockhill,C,FH_FF11_2,N,50.12,32.8,28.9,,,,,,,,,,,,,,,,,,,,,,,,,,,,
22/23,TC,FH_FF11_3,FF11,Flockhill,C,FH_FF11_3,N,37.12,25.69,24.46,,,,,,,,,,,,,,,,,,,,,,,,,,,,
22/23,TC,FH_FF11_4,FF11,Flockhill,C,FH_FF11_4,N,37.22,26.15,25.64,,,,,,,,,,,,,,,,,,,,,,,,,,,,
22/23,TC,FH_FF11_5,FF11,Flockhill,C,FH_FF11_5,N,26.86,18.94,17.47,,,,,,,,,,,,,,,,,,,,,,,,,,,,
22/23,TC,FH_FF11_6,FF11,Flockhill,C,FH_FF11_6,N,39.87,30.22,24.02,,,,,,,,,,,,,,,,,,,,,,,,,,,,
22/23,TC,FH_FF11_7,FF11,Flockhill,C,FH_FF11_7,N,35.54,26.83,23.86,,,,,,,,,,,,,,,,,,,,,,,,,,,,
22/23,TC,FH_FF11_8,FF11,Flockhill,C,FH_FF11_8,N,40.13,26.98,25.52,,,,,,,,,,,,,,,,,,,,,,,,,,,,
22/23,TC,FH_FF11_9,FF11,Flockhill,C,FH_FF11_9,N,42.14,28.32,23.93,,,,,,,,,,,,,,,,,,,,,,,,,,,,
22/23,TC,FH_FF11_10,FF11,Flockhill,C,FH_FF11_10,N,35.33,25.25,23.86,,,,,,,,,,,,,,,,,,,,,,,,,,,,
22/23,TC,FH_FF11_11,FF11,Flockhill,C,FH_FF11_11,N,41.21,22.94,21.95,,,,,,,,,,,,,,,,,,,,,,,,,,,,
22/23,TC,FH_FF11_12,FF11,Flockhill,C,FH_FF11_12,N,45.89,29.89,28.92,,,,,,,,,,,,,,,,,,,,,,,,,,,,
22/23,TC,FH_FF11_13,FF11,Flockhill,C,FH_FF11_13,N,47.95,29.2,29.2,,,,,,,,,,,,,,,,,,,,,,,,,,,,
22/23,TC,FH_FF11_14,FF11,Flockhill,C,FH_FF11_14,N,47.15,30.69,30.4,,,,,,,,,,,,,,,,,,,,,,,,,,,,
22/23,TC,FH_FF11_15,FF11,Flockhill,C,FH_FF11_15,N,36.17,25.25,24.58,,,,,,,,,,,,,,,,,,,,,,,,,,,,
22/23,TC,FH_FF12_1,FF12,Flockhill,C,FH_FF12_1,N,41.89,31.26,29.44,,,,,,,,,,,,,,,,,,,,,,,,,,,,
22/23,TC,FH_FF12_2,FF12,Flockhill,C,FH_FF12_2,N,36.6,27.24,26.87,,,,,,,,,,,,,,,,,,,,,,,,,,,,
22/23,TC,FH_FF12_3,FF12,Flockhill,C,FH_FF12_3,N,44.62,33.06,29.66,,,,,,,,,,,,,,,,,,,,,,,,,,,,
22/23,TC,FH_FF12_4,FF12,Flockhill,C,FH_FF12_4,N,39.22,31.39,30.74,,,,,,,,,,,,,,,,,,,,,,,,,,,,
22/23,TC,FH_FF12_5,FF12,Flockhill,C,FH_FF12_5,N,40.6,34.56,32.96,,,,,,,,,,,,,,,,,,,,,,,,,,,,
22/23,TC,FH_FF12_6,FF12,Flockhill,C,FH_FF12_6,N,38.17,29.8,26.82,,,,,,,,,,,,,,,,,,,,,,,,,,,,
22/23,TC,FH_FF12_7,FF12,Flockhill,C,FH_FF12_7,N,39.38,29.52,27.4,,,,,,,,,,,,,,,,,,,,,,,,,,,,
22/23,TC,FH_FF12_8,FF12,Flockhill,C,FH_FF12_8,N,43.8,30.04,28.96,,,,,,,,,,,,,,,,,,,,,,,,,,,,
22/23,TC,FH_FF12_9,FF12,Flockhill,C,FH_FF12_9,N,38.08,28.07,28.28,,,,,,,,,,,,,,,,,,,,,,,,,,,,
22/23,TC,FH_FF12_10,FF12,Flockhill,C,FH_FF12_10,N,41.66,22.01,20.52,,,,,,,,,,,,,,,,,,,,,,,,,,,,
22/23,TC,FH_FF12_11,FF12,Flockhill,C,FH_FF12_11,N,40.82,32.74,28.4,,,,,,,,,,,,,,,,,,,,,,,,,,,,
22/23,TC,FH_FF12_12,FF12,Flockhill,C,FH_FF12_12,N,42.26,31.84,32.13,,,,,,,,,,,,,,,,,,,,,,,,,,,,
22/23,TC,FH_FF12_13,FF12,Flockhill,C,FH_FF12_13,N,46.6,34.03,32.85,,,,,,,,,,,,,,,,,,,,,,,,,,,,
22/23,TC,FH_FF12_14,FF12,Flockhill,C,FH_FF12_14,N,41.92,33.02,29.58,,,,,,,,,,,,,,,,,,,,,,,,,,,,
22/23,TC,FH_FF12_15,FF12,Flockhill,C,FH_FF12_15,N,41.41,28.16,25.46,,,,,,,,,,,,,,,,,,,,,,,,,,,,
22/23,TC,FH_FF12_16,FF12,Flockhill,C,FH_FF12_16,N,39.71,31.85,31.43,,,,,,,,,,,,,,,,,,,,,,,,,,,,
22/23,TC,FH_FF13_1,FF13,Flockhill,C,FH_FF13_1,N,37.29,25.2,23.21,32,40,0.1243,0.003884375,,,,,,,,,,,,,,,,,,,,,,,,
22/23,TC,FH_FF13_2,FF13,Flockhill,C,FH_FF13_2,N,35.6,25.45,22.93,15,48,0.0631,0.004206667,,,,,,,,,,,,,,,,,,,,,,,,
22/23,TC,FH_FF13_3,FF13,Flockhill,C,FH_FF13_3,N,42.88,26.76,26.33,40,51,0.1532,0.00383,,,,,,,,,,,,,,,,,,,,,,,,
22/23,TC,FH_FF13_4,FF13,Flockhill,C,FH_FF13_4,N,31.91,23.42,20.9,,,,,,,,,,,,,,,,,,,,,,,,,,,,
22/23,TC,FH_FF13_5,FF13,Flockhill,C,FH_FF13_5,N,40.52,27.73,27.44,,,,,,,,,,,,,,,,,,,,,,,,,,,,
22/23,TC,FH_FF13_6,FF13,Flockhill,C,FH_FF13_6,N,40.67,26.33,24.95,,,,,,,,,,,,,,,,,,,,,,,,,,,,
22/23,TC,FH_FF13_7,FF13,Flockhill,C,FH_FF13_7,N,37.39,25.77,25.72,,,,,,,,,,,,,,,,,,,,,,,,,,,,
22/23,TC,FH_FF13_8,FF13,Flockhill,C,FH_FF13_8,N,37.7,26.52,23.36,,,,,,,,,,,,,,,,,,,,,,,,,,,,
22/23,TC,FH_FF13_9,FF13,Flockhill,C,FH_FF13_9,N,39.06,24.92,22.83,,,,,,,,,,,,,,,,,,,,,,,,,,,,
22/23,TC,FH_FF13_10,FF13,Flockhill,C,FH_FF13_10,N,38.02,25.59,24.93,,,,,,,,,,,,,,,,,,,,,,,,,,,,
22/23,TC,FH_FF13_11,FF13,Flockhill,C,FH_FF13_11,N,35.24,24.82,22.93,,,,,,,,,,,,,,,,,,,,,,,,,,,,
22/23,TC,FH_FF13_12,FF13,Flockhill,C,FH_FF13_12,N,44.95,26.27,26.27,,,,,,,,,,,,,,,,,,,,,,,,,,,,
22/23,TC,FH_FF13_13,FF13,Flockhill,C,FH_FF13_13,N,39.18,25.54,22.68,,,,,,,,,,,,,,,,,,,,,,,,,,,,
22/23,TC,FH_FF13_14,FF13,Flockhill,C,FH_FF13_14,N,38.72,26.42,26.94,,,,,,,,,,,,,,,,,,,,,,,,,,,,
22/23,TC,FH_FF13_15,FF13,Flockhill,C,FH_FF13_15,N,39.53,26.67,22.54,,,,,,,,,,,,,,,,,,,,,,,,,,,,
22/23,TC,FH_FF13_16,FF13,Flockhill,C,FH_FF13_16,N,39.36,25.83,25.14,,,,,,,,,,,,,,,,,,,,,,,,,,,,
22/23,TC,FH_FF13_17,FF13,Flockhill,C,FH_FF13_17,N,38.87,26.68,25.73,,,,,,,,,,,,,,,,,,,,,,,,,,,,
22/23,TC,FH_FF13_18,FF13,Flockhill,C,FH_FF13_18,N,39.53,26.88,26.52,,,,,,,,,,,,,,,,,,,,,,,,,,,,
22/23,TC,FH_FF13_19,FF13,Flockhill,C,FH_FF13_19,N,41.17,28.26,26.13,,,,,,,,,,,,,,,,,,,,,,,,,,,,
22/23,TC,FH_FF13_20,FF13,Flockhill,C,FH_FF13_20,N,43.97,24.5,23.46,,,,,,,,,,,,,,,,,,,,,,,,,,,,
22/23,TC,FH_FF14_1,FF14,Flockhill,C,FH_FF14_1,N,32.07,20.07,19.57,2,32,0.0101,0.00505,,,,,,,,,,,,,,,,,,,,,,,,
22/23,TC,FH_FF15_1,FF15,Flockhill,C,FH_FF15_1,N,40.33,27.22,26.34,10,89,0.0374,0.00374,,,,,,,,,,,,,,,,,,,,,,,,
22/23,TC,FH_FF15_2,FF15,Flockhill,C,FH_FF15_2,N,30.68,21.58,21.27,2,28,0.0095,0.00475,,,,,,,,,,,,,,,,,,,,,,,,
22/23,TC,FH_FF15_3,FF15,Flockhill,C,FH_FF15_3,N,27.22,19.87,19.33,2,33,0.0025,0.00125,,,,,,,,,,,,,,,,,,,,,,,,
22/23,TC,FH_PS1_1,PS1,Flockhill,A,FH_PS1_1,N,36.15,22.15,22.39,11,30,0.0348,0.003163636,,,,,,,,,,,,,,,,,,,,,,,,
22/23,TC,FH_PS1_2,PS1,Flockhill,A,FH_PS1_2,N,37.25,22.47,23.12,6,67,0.0283,0.004716667,,,,,,,,,,,,,,,,,,,,,,,,
22/23,TC,FH_PS1_3,PS1,Flockhill,A,FH_PS1_3,N,38.13,21.6,22.1,9,74,0.0414,0.0046,,,,,,,,,,,,,,,,,,,,,,,,
22/23,TC,FH_PS1_4,PS1,Flockhill,A,FH_PS1_4,N,33.66,21.08,22.35,2,60,0.0032,0.0016,,,,,,,,,,,,,,,,,,,,,,,,
22/23,TC,FH_PS2_1,PS2,Flockhill,A,FH_PS2_1,N,32.08,-,-,10,86,0.0362,0.00362,,,,,,,,,,,,,,,,,,,,,,,,
22/23,TC,FH_PS2_2,PS2,Flockhill,A,FH_PS2_2,N,37.06,-,-,14,86,0.0788,0.005628571,,,,,,,,,,,,,,,,,,,,,,,,
22/23,TC,FH_PS2_3,PS2,Flockhill,A,FH_PS2_3,N,35.91,-,-,6,54,0.03,0.005,,,,,,,,,,,,,,,,,,,,,,,,
22/23,TC,FH_PS2_4,PS2,Flockhill,A,FH_PS2_4,N,35.32,-,-,4,77,0.0206,0.00515,,,,,,,,,,,,,,,,,,,,,,,,
22/23,TC,FH_PS2_5,PS2,Flockhill,A,FH_PS2_5,N,41.04,-,-,18,101,0.0679,0.003772222,,,,,,,,,,,,,,,,,,,,,,,,
22/23,TC,FH_PS2_6,PS2,Flockhill,A,FH_PS2_6,N,32.61,20.96,19.82,4,99,0.0192,0.0048,,,,,,,,,,,,,,,,,,,,,,,,
22/23,TC,FH_PS2_7,PS2,Flockhill,A,FH_PS2_7,N,40.82,23.32,21.38,7,73,0.0451,0.006442857,,,,,,,,,,,,,,,,,,,,,,,,
22/23,TC,FH_PS2_8,PS2,Flockhill,A,FH_PS2_8,N,41.91,22.77,21.35,15,109,0.0889,0.005926667,,,,,,,,,,,,,,,,,,,,,,,,
22/23,TC,FH_PS2_9,PS2,Flockhill,A,FH_PS2_9,N,41.03,23.45,21.47,15,76,0.0907,0.006046667,,,,,,,,,,,,,,,,,,,,,,,,
22/23,TC,FH_PS2_10,PS2,Flockhill,A,FH_PS2_10,N,36.52,23.2,21.21,17,117,0.0694,0.004082353,,,,,,,,,,,,,,,,,,,,,,,,
22/23,TC,FH_PS2_11,PS2,Flockhill,A,FH_PS2_11,N,41.85,24.13,23.75,17,114,0.0943,0.005547059,,,,,,,,,,,,,,,,,,,,,,,,
